,CompoundScore,NegativeScore,NeutralScore,NewsOutlet,PositiveScore,Timestamp,Tweet,TweetAgo
0,-0.296,0.136,0.864,BBC,0.0,2018-03-23 01:03:04 PM,From @taylorswift13 to @Beyonce: these are the secretive musicians who avoid interviews. ?? https://t.co/nqOmaVMzoo https://t.co/sbDga7L5cp,0
1,0.0,0.0,1.0,BBC,0.0,2018-03-23 02:07:00 PM,"RT @BBCOne: .@GaryLineker, @OreOduba, @ThisisDavina &amp; more kick off the biggest ever night of #SportRelief now on @bbcone. @sportrelief 
Fo…",1
2,0.3182,0.0,0.777,BBC,0.223,2018-03-24 01:02:01 PM,"?? @RomeshRanga is NOT a fan of Gogglebox. #LiveAtTheApollo
https://t.co/FHm9g6Emss",2
3,0.5719,0.0,0.748,BBC,0.252,2018-03-24 01:44:04 PM,Cambridge have won the men's and women's Boat Races. https://t.co/COTzXYuo4N ? ? #BoatRace2018 https://t.co/6SQjF1ToSt,3
4,0.5859,0.0,0.817,BBC,0.183,2018-03-24 02:16:04 PM,"""Beauty is your inside, it's your personality and what shines from beneath."" 

25-year-old rapper Paigey Cakey had… https://t.co/CVGr69Y0oO",4
5,0.4767,0.0,0.866,BBC,0.134,2018-03-24 03:00:11 PM,"The story of the last decade of Picasso's life, through the words of family and friends. ?

Picasso's Last Stand |… https://t.co/RyiuI8KgSk",5
6,0.0,0.0,1.0,BBC,0.0,2018-03-24 03:33:02 AM,"Meet Alexandre, one of the only male performers of ‘baladi’ – also known as belly dancing – in the Middle East. ?

 https://t.co/K12N1Y6PU7",6
7,-0.3818,0.115,0.885,BBC,0.0,2018-03-24 03:34:01 PM,"""I still see people screaming for help.""

This Sunday at 9pm on @BBCTwo, @REGYATES meets the people whose lives wer… https://t.co/RS16yXF17H",7
8,0.0,0.0,1.0,BBC,0.0,2018-03-24 04:30:13 AM,?A Cultural history of the avocado: https://t.co/jo1UyWlVw7 https://t.co/7VF6pBpG57,8
9,0.128,0.065,0.85,BBC,0.085,2018-03-24 04:31:26 AM,RT @sportrelief: The nation has joined together for this year's #SportRelief pulling out all the stops to make their steps count. Well done…,9
10,0.4995,0.0,0.867,BBC,0.133,2018-03-24 04:31:30 AM,"RT @sportrelief: A humongous THANK YOU to everyone who has taken part, fund-raised &amp; watched over the past weeks &amp; tonight. The #SportRelie…",10
11,0.0,0.0,1.0,BBC,0.0,2018-03-24 04:32:59 AM,"RT @bbcf1: Lewis Hamilton took the first pole of the season in spectacular style ??

https://t.co/a7YDOx0FlQ",11
12,0.0,0.0,1.0,BBC,0.0,2018-03-24 04:42:34 AM,RT @BBCNewsNI: Prince Harry and Meghan Markle are visiting Northern Ireland https://t.co/ODxLd1LIr8 https://t.co/s0zPTXj3Tk,12
13,0.5411,0.0,0.857,BBC,0.143,2018-03-24 05:03:01 AM,"""The enthusiastic viewer should feel he is almost the man on the spot!"" 

In 1949, the BBC announced it would telev… https://t.co/WEoPpkrW1V",13
14,0.4215,0.0,0.833,BBC,0.167,2018-03-24 05:31:01 AM,"Meet Hester, the 10-year-old visually impaired skier who's hoping for Paralympic gold one day. ??https://t.co/6aiUaTc3yS",14
15,0.0,0.0,1.0,BBC,0.0,2018-03-24 06:29:04 AM,"How much do you know about horses? Take this quiz to see if you are an equestrian expert…?

https://t.co/ChGCB9Xi1W https://t.co/P9UgJ99nsx",15
16,0.1867,0.0,0.902,BBC,0.098,2018-03-24 07:33:04 AM,"Don't miss the highlights from the Gymnastics World Cup! ???????

World Cup Gymnastics | @BBCOne | 2:05pm |… https://t.co/7mpufyeEMo",16
17,0.0,0.0,1.0,BBC,0.0,2018-03-24 08:03:01 AM,"Which animals are likely to become extinct in your lifetime? ??
https://t.co/9KwlmcNrWV",17
18,0.296,0.0,0.845,BBC,0.155,2018-03-24 09:01:32 AM,RT @bbcthree: The barber helping men with dementia relive their younger lives. https://t.co/p8axQVK836,18
19,0.0,0.0,1.0,BBC,0.0,2018-03-24 09:01:47 AM,? @clarebalding is live from the River Thames as @UniofOxford and @Cambridge_Uni  meet for one of the most iconic e… https://t.co/Ls9rtIYov4,19
20,-0.0772,0.15,0.719,BBC,0.131,2018-03-24 10:00:06 AM,?How an Instagram video lost me my dream job in fashion: https://t.co/72yWgHdc1k https://t.co/fl3DxMcIL5,20
21,0.2732,0.083,0.788,BBC,0.129,2018-03-24 10:30:10 AM,"Writer Sara Maitland has lived alone in rural Scotland for 20 years. 

Here are seven valuable life lessons we can… https://t.co/2eAqUlnwuA",21
22,0.0,0.0,1.0,BBC,0.0,2018-03-24 12:01:01 PM,"When proposals go wrong... ?? #Doodlebugs 
https://t.co/8Yi6giWO3S",22
23,0.0,0.0,1.0,BBC,0.0,2018-03-25 01:13:03 PM,The first ever statue of David Bowie has been unveiled in the town where he debuted Ziggy Stardust. ??… https://t.co/lFgROYVkv1,23
24,0.5719,0.0,0.837,BBC,0.163,2018-03-25 01:40:04 PM,"Tonight, @mcgregor_ewan and @McgColin celebrate the centenary of the Royal Air Force. 

RAF at 100 with Ewan and Co… https://t.co/nF2iwBP51b",24
25,-0.4215,0.141,0.859,BBC,0.0,2018-03-25 02:02:00 AM,When the clocks have gone forward but there's no way you're getting out of bed yet. ?????#DaylightSavings https://t.co/cHBPV3ITsQ,25
26,-0.7506,0.286,0.714,BBC,0.0,2018-03-25 02:15:06 PM,"Tonight, @regyates meets people whose lives have been devastated by the Grenfell fire. 

Reggie Yates: Searching fo… https://t.co/HPgtcZuHte",26
27,0.0,0.0,1.0,BBC,0.0,2018-03-25 02:34:02 AM,You learn something new every day. Here's how to poo a baby jaguar. ??#BigCatsAboutTheHouse https://t.co/Eg5rF1414b,27
28,0.128,0.077,0.821,BBC,0.101,2018-03-25 02:44:01 PM,"Could this be an answer to global water shortages? ?? This machine creates water out of thin air. 

https://t.co/caz4nXMJg5",28
29,-0.25,0.153,0.743,BBC,0.104,2018-03-25 03:00:12 AM,A woman who drinks 30 cans a day says her addiction to energy drinks is worse than gambling.… https://t.co/d11ATW0F0f,29
30,0.0,0.0,1.0,BBC,0.0,2018-03-25 03:43:22 AM,RT @BBCSport: A simply astonishing confession from Australia captain Steve Smith and batsman Cameron Bancroft ? https://t.co/YaE7fBZamq,30
31,-0.4019,0.101,0.899,BBC,0.0,2018-03-25 03:43:26 AM,"RT @bbcweather: #Winter may not be done with us yet, as colder continental air fights back against milder maritime air across the UK this w…",31
32,0.5719,0.0,0.764,BBC,0.236,2018-03-25 03:43:31 AM,"RT @BBCScotland: Up your brunch game with perfect poached eggs.

via @bbcthesocial https://t.co/1imXNeOZ9d",32
33,-0.3612,0.161,0.839,BBC,0.0,2018-03-25 04:30:15 AM,"Ever wondered what made you feel moody? It might be your gut.

? https://t.co/l8oMv5gPN2 https://t.co/vq2yhtBOAn",33
34,0.0,0.0,1.0,BBC,0.0,2018-03-25 05:30:04 AM,?Meet SoFi - the soft robot fish developed by MIT to swim among real fish in coral reefs and around the ocean to he… https://t.co/HDa7q7WsHf,34
35,0.0,0.0,1.0,BBC,0.0,2018-03-25 07:03:02 AM,"Weighing just 100g, a newborn panda is one 900th the size of its mum! ?? #DavidAttenboroughsNaturalCuriosities https://t.co/nKLQh03DJs",35
36,0.5574,0.0,0.816,BBC,0.184,2018-03-25 08:03:04 AM,"??? @prattprattpratt stars as a happy-go-lucky hero who joins forces with an unlikely group of aliens. 

Guardians… https://t.co/B9W7kRZ1Qz",36
37,0.1779,0.0,0.909,BBC,0.091,2018-03-25 09:09:03 AM,"Predictions suggest a build-up of about 80,000 tonnes of plastic in the Pacific Ocean is growing rapidly. ????… https://t.co/uKD9BQWmUi",37
38,0.0,0.0,1.0,BBC,0.0,2018-03-25 09:30:02 AM,"? We could listen to him speak all day. 

? Sir David Attenborough's voice was just as iconic in the 60s as it is t… https://t.co/zYi3oK5C13",38
39,0.4588,0.0,0.833,BBC,0.167,2018-03-25 10:03:03 AM,"????? Welcome to Tangier Island, the tiny US island where people speak with a British accent.… https://t.co/1RoM285gRJ",39
40,0.5267,0.0,0.815,BBC,0.185,2018-03-25 12:30:07 PM,"When you're enjoying being single and people just can't deal with it. ?? @kathbum #LiveAtTheApollo 

https://t.co/byHMHWyhPq",40
41,0.7783,0.0,0.688,BBC,0.312,2018-03-26 01:24:04 PM,"Tonight, George Alagiah explores the fascinating history of Queen Elizabeth II and her beloved Commonwealth. 

The… https://t.co/xXer4FRyTq",41
42,-0.6249,0.194,0.806,BBC,0.0,2018-03-26 02:03:02 PM,"Filmed in Nottingham during the worst winter for the NHS on record, groundbreaking series #Hospital returns tonight… https://t.co/PVSIcvCGc9",42
43,0.2263,0.09,0.749,BBC,0.161,2018-03-26 02:30:10 AM,"Wishing you could get out of bed just that little bit earlier? ?

If you need some motivation to set that alarm, he… https://t.co/zsisa2oA4s",43
44,0.5819,0.0,0.818,BBC,0.182,2018-03-26 03:29:04 AM,"?Why do so many celebrities decide to enter politics?

Some have done so more successfully than others...… https://t.co/MkEDpSeLMJ",44
45,0.0,0.0,1.0,BBC,0.0,2018-03-26 04:04:01 AM,"The kiwi bird's egg is so large, it takes almost ten days to lay! ???  #DavidAttenboroughsNaturalCuriosities
https://t.co/AkZqK9vzZZ",45
46,0.3182,0.0,0.753,BBC,0.247,2018-03-26 04:33:01 AM,"? @BillBailey is NOT a fan of taramasalata. #Room101 

https://t.co/soAAz27c0C",46
47,0.4588,0.0,0.864,BBC,0.136,2018-03-26 04:35:06 AM,RT @bbcpress: Sue Perkins will return to host the 2018 #BAFTA TV awards on Sunday 13 May on @BBCOne. https://t.co/pieSWNAGbH,47
48,-0.128,0.07,0.93,BBC,0.0,2018-03-26 05:00:07 AM,"From hot cross bun gin to Creme Egg Yorkshire pudding, this year’s Easter treats are bigger, weirder and more decad… https://t.co/HvDJmgcB5q",48
49,-0.5106,0.163,0.837,BBC,0.0,2018-03-26 06:00:05 AM,"A crack that opened up in Kenya’s Rift Valley, damaging a section of the Narok-Nairobi highway, is still growing... https://t.co/T5YocDauYj",49
50,0.4404,0.0,0.828,BBC,0.172,2018-03-26 06:48:03 AM,Apple wants to introduce new emojis to better represent people with disabilities. ??? https://t.co/CcJfojmtTa https://t.co/ZRdEhVPMEm,50
51,0.0,0.0,1.0,BBC,0.0,2018-03-26 07:58:02 AM,"Never let a squirrel nibble your nobble... ???
https://t.co/cHm9m6At3m",51
52,0.0,0.0,1.0,BBC,0.0,2018-03-26 10:11:57 AM,"In her role as head of the Commonwealth, the Queen embarked on her first tour of the nations in 1953.

But by 1970… https://t.co/Av61bahNZF",52
53,-0.3818,0.161,0.744,BBC,0.095,2018-03-26 10:45:04 AM,"Tom Cruise stars in a remake of the 1953 adaptation of HG Wells’s classic novel. ?

War of the Worlds | @BBCiPlayer… https://t.co/h19JvTlFSA",53
54,0.5859,0.0,0.787,BBC,0.213,2018-03-26 11:25:02 AM,"?? Joy and Mary flew WW2 planes before any navigation system was installed.
#RAFat100 https://t.co/yxNMblfTEf",54
55,0.0,0.0,1.0,BBC,0.0,2018-03-26 12:30:04 PM,?? It was a Dachsh(und) to the finish line. https://t.co/7VvkU5GfUg,55
56,0.2942,0.0,0.872,BBC,0.128,2018-03-27 01:00:08 PM,"??? Even if you don't speak German, this is worth watching until the end! 
#LiveAtTheApollo https://t.co/J3l8oToRbk",56
57,0.0,0.0,1.0,BBC,0.0,2018-03-27 01:30:07 PM,"When mother Marie mysteriously leaves the family home, the repercussions are enormous.

#ComeHome | 9pm | @BBCOne |… https://t.co/S4JgnzQlAx",57
58,-0.4588,0.124,0.827,BBC,0.049,2018-03-27 02:00:08 AM,"The number of children living in relative poverty in the UK has risen to 4.1m. 

This is the story of Tyler, one of… https://t.co/xFtEAjBTXC",58
59,0.0,0.0,1.0,BBC,0.0,2018-03-27 02:30:04 AM,"About 700,000 people in the UK are on the autism spectrum, with five times as many males as females being diagnosed… https://t.co/PXJMuG76Tn",59
60,0.0,0.0,1.0,BBC,0.0,2018-03-27 03:00:04 AM,"When this woman visited an uninhabited Caribbean island, the last thing she expected was to find it covered in plas… https://t.co/cpKW9tl61v",60
61,0.5994,0.0,0.843,BBC,0.157,2018-03-27 04:36:48 AM,"RT @bbcgetinspired: Check out @JesseLingard and some of his @PremierLeague mates showing us their super moves. ?? 

Show us yours with #sup…",61
62,0.0,0.0,1.0,BBC,0.0,2018-03-27 04:38:59 AM,"RT @BBCR1: We can't get enough of @george_ezra's Live Lounge ?

Watch him perform 'Paradise' and cover 'These Days' right here ?https://t.c…",62
63,0.4019,0.0,0.876,BBC,0.124,2018-03-27 04:39:23 AM,RT @BBCBreakfast: A team of abseilers have been roped in to give Cheddar Gorge in Somerset an extreme spring clean. https://t.co/iYmkiizeRi,63
64,0.0,0.0,1.0,BBC,0.0,2018-03-27 04:40:22 AM,"RT @BBCTwo: Now we've got our country back... what actually is it? ?

#CunkOnBritain starts Tuesday 3 April, 10pm, @BBCTwo. @missdianemorga…",64
65,0.0,0.0,1.0,BBC,0.0,2018-03-27 04:52:08 AM,"?? 'Mad' Mike Hughes flew his home-made rocket to try and 'prove' the earth is flat. 

? SPOILER: it's not.  https://t.co/f5oNRItwyq",65
66,0.25,0.0,0.875,BBC,0.125,2018-03-27 06:00:06 AM,"? @MargotRobbie is planning a new TV series, which will give Shakespeare plays a 'female perspective'.
?… https://t.co/pTLXfve0ds",66
67,0.0,0.0,1.0,BBC,0.0,2018-03-27 06:05:06 AM,"There's over 50 classic cookery shows being served up on @BBCiPlayer this #EasterWeekend. 
? https://t.co/CKECZMGmx8 https://t.co/j3RfAYQvTI",67
68,0.0,0.0,1.0,BBC,0.0,2018-03-27 07:00:08 AM,The ancient Greeks thought a life of ‘constant leisure’ was the highest life you could live. https://t.co/sascCq8iks,68
69,0.0,0.0,1.0,BBC,0.0,2018-03-27 08:33:01 AM,?? The first polar bear cub to be born in the UK for 25 years has been filmed adapting to its surroundings. https://t.co/EsxbH18cN5,69
70,-0.5994,0.14,0.86,BBC,0.0,2018-03-27 09:30:37 AM,"RT @BBCWorld: It's 50 years since the death of Yuri Gagarin, the Russian cosmonaut who was the first man to travel into space ??? https://t…",70
71,0.0,0.0,1.0,BBC,0.0,2018-03-27 10:26:23 AM,"RT @BBCR1: (•_•)
&lt;)   )?who
 /    \ 

  (•_•)
 \(   (&gt; bit
  /    \

 (•_•)
&lt;)   )?Beyoncé? 
 /    \ 

https://t.co/7hQd9mcKUY",71
72,0.0,0.0,1.0,BBC,0.0,2018-03-27 10:33:24 AM,"RT @bbccomedy: Cathy, master of shade. #Mum https://t.co/VjC2ttkaNF",72
73,-0.3064,0.134,0.866,BBC,0.0,2018-03-27 10:36:22 AM,RT @bbcthree: 12-year-old Keilan has very severe curvature of the spine. He needs surgery ASAP but the 5 hour operation could leave him par…,73
74,0.0,0.0,1.0,BBC,0.0,2018-03-27 10:38:26 AM,"RT @BBCScotland: Meet the master of the radiator harp

@DaftLimmy returns to BBC Scotland on Thursday 5 April. https://t.co/G7mjFEJx6k",74
75,0.6114,0.0,0.75,BBC,0.25,2018-03-27 10:40:40 AM,RT @BBCTwo: Happy #WorldTheatreDay! *leaves this here and runs away* @SaraPascoe ?? https://t.co/3XlEb5gr15,75
76,0.0,0.0,1.0,BBC,0.0,2018-03-27 11:00:15 AM,? What does Facebook know about you? https://t.co/lG4ffeCG09,76
77,0.0,0.0,1.0,BBC,0.0,2018-03-27 12:00:07 PM,"? We've got oodles of noodles with recipes for pad Thai, chow mein, ramen, pho and stir-fries.
?… https://t.co/JWfrcIhn2X",77
78,0.0,0.0,1.0,BBC,0.0,2018-03-28 01:00:05 PM,?? This 800-year-old hotel in Ireland is simply incredible.  #AmazingHotels https://t.co/OAKKCsexPW,78
79,-0.4588,0.176,0.824,BBC,0.0,2018-03-28 02:00:02 AM,"'I made a decision to not be unbelievably busy.'

@Meshel_Laurie on beating busyness with Buddhism. https://t.co/7ynSgadRyq",79
80,-0.25,0.192,0.692,BBC,0.115,2018-03-28 02:30:05 AM,"? Feeling moody? 
Your gut bacteria might be to blame...
? https://t.co/2oPWKjf4D2 https://t.co/Xr5MwczfGR",80
81,-0.7351,0.256,0.744,BBC,0.0,2018-03-28 03:00:02 AM,"?? After seeing her brother's struggles with depression, Luli's on a mission to break the stigma in the black commu… https://t.co/kl1ak4Gu6w",81
82,0.0,0.0,1.0,BBC,0.0,2018-03-28 04:14:19 AM,"RT @bbcarts: Andrew Scott, as Hamlet, performs the opening lines of #Shakespeare's most famous soliloquy. Watch the full production at 9pm,…",82
83,0.0,0.0,1.0,BBC,0.0,2018-03-28 04:53:41 AM,?? Are your bathroom toys in-fact DEADLY? ? https://t.co/YrtMOzTvrb,83
84,-0.3612,0.135,0.865,BBC,0.0,2018-03-28 05:33:03 AM,Tickling sticks have been placed on statues in Liverpool ahead of Sir Ken Dodd's funeral. https://t.co/pPGGg07ZQi https://t.co/LSwzv5Qipw,84
85,0.0,0.0,1.0,BBC,0.0,2018-03-28 05:53:47 AM,"RT @bbcthree: In our latest doc, we investigate allegations that R Kelly has been training a 14-year-old girl to be one his sex ""pets"" http…",85
86,0.0,0.0,1.0,BBC,0.0,2018-03-28 06:04:03 AM,"? Scientists in Australia have discovered the remains of a mummy in a 2,500-year-old coffin that was previously cla… https://t.co/2S4q2mDImu",86
87,0.3182,0.056,0.837,BBC,0.108,2018-03-28 06:30:09 AM,??? People in England will soon have to pay a deposit when they buy drinks bottles and cans in a bid to boost recyc… https://t.co/qyKBqES5b3,87
88,0.0,0.0,1.0,BBC,0.0,2018-03-28 06:42:34 AM,RT @BBCNewsround: Some advice from children on what NOT to say to people with an #invisiblecondition https://t.co/mGUj3TWB2J #Dynamo https:…,88
89,0.0,0.0,1.0,BBC,0.0,2018-03-28 06:45:32 AM,RT @BBCBreakfast: Take a look at this if you're wondering WHO PAYS for running the new plastic bottle and can deposit scheme: https://t.co/…,89
90,-0.34,0.098,0.902,BBC,0.0,2018-03-28 06:47:08 AM,"RT @bbcworldservice: Do you say fireman or firefighter? The woman in charge of the London Fire Brigade, Dany Cotton, says 'fireman' is sexi…",90
91,0.0,0.0,1.0,BBC,0.0,2018-03-28 06:47:35 AM,"RT @BBCRadio4: Listen to the first three episodes of The Hitchhiker's Guide to the Galaxy: Hexagonal Phase now.

https://t.co/GdvQZf3ijv

#…",91
92,0.0,0.0,1.0,BBC,0.0,2018-03-28 06:49:07 AM,"RT @BBCR1: ""Last night I did have a very, very large bra, and it was very, very sweaty.""

@JaredLeto lets @Grimmers know about what gets th…",92
93,0.0,0.0,1.0,BBC,0.0,2018-03-28 06:50:54 AM,RT @bbceurovision: We are starting a #Eurovision 2018 group chat. The tea from when @surieofficial met @saaraaalto ? https://t.co/c3PuiYT6S…,93
94,-0.3182,0.113,0.887,BBC,0.0,2018-03-28 07:26:01 AM,"The Masked Plumber is back. 
And this time, he wants to show you how to unblock a sink trap. https://t.co/t1NIgRpZnO",94
95,0.0,0.0,1.0,BBC,0.0,2018-03-28 08:32:04 AM,"Two-thirds of drivers say they are ""regularly dazzled"" by oncoming headlights. ? https://t.co/gwSgpsP6xx https://t.co/i9m9ph8QM1",95
96,0.7506,0.0,0.72,BBC,0.28,2018-03-28 10:35:27 AM,RT @BBCTheOneShow: The fantastic @george_ezra warming up with a quick cuppa after sound check. Join us at 7pm where he’ll be performing liv…,96
97,0.0,0.0,1.0,BBC,0.0,2018-03-28 11:00:10 AM,Slacking off in Dubai. https://t.co/a3oSKIxfSK,97
98,-0.8225,0.312,0.688,BBC,0.0,2018-03-28 11:30:00 AM,The government rates the global outbreak of a deadly flu virus as a major threat to the UK. But how are flu vaccine… https://t.co/wzMylfDBrP,98
99,0.296,0.0,0.891,BBC,0.109,2018-03-28 12:00:12 PM,"? 'Words do not live in dictionaries. They live in the mind.'

Hear the only surviving recording of #VirginiaWoolf,… https://t.co/Puwg8Mve7N",99
100,0.0,0.0,1.0,CBS,0.0,2018-02-11 08:32:33 PM,RT @startrekcbs: Binge the entire first season of #StarTrekDiscovery. All 15 episodes now streaming on CBS All Access: https://t.co/lKLaptP…,0
101,0.0,0.0,1.0,CBS,0.0,2018-02-12 01:49:45 PM,RT @thegoodfight: Christine Baranski reflects upon the spectacular metamorphosis of her character in #TheGoodFight's first season. Revisit…,1
102,0.7506,0.0,0.748,CBS,0.252,2018-02-13 01:54:52 PM,"RT @LivinBiblically: Against all odds (and the advice of his God Squad), Chip is determined to live life by the Good Book. Think you could…",2
103,0.0,0.0,1.0,CBS,0.0,2018-02-13 03:03:56 PM,"RT @NoActivityCBS: Car 27 reporting: Season 2 of #NoActivity coming soon!

Binge season one now on CBS All Access: https://t.co/yvxoQMeyhN…",3
104,0.8619,0.0,0.534,CBS,0.466,2018-02-14 02:23:27 PM,RT @BullCBS: The verdict is in...#Bull is the perfect Valentine! ?? Happy #ValentinesDay! https://t.co/poEejI4AnC,4
105,0.3182,0.0,0.892,CBS,0.108,2018-02-16 01:42:43 PM,"RT @LivinBiblically: While Chip's sticking to the Bible's original rules, the cast of #LivingBiblically has given them a more modern makeov…",5
106,0.6124,0.0,0.773,CBS,0.227,2018-02-16 08:07:20 PM,"With tournament dreams on the line, make sure to stream these college basketball matchups on CBS All Access:… https://t.co/SGkYUZrQWB",6
107,0.68,0.0,0.752,CBS,0.248,2018-02-16 12:48:20 PM,"Casting News! Peter Mark Kendall, Michael Gaston, Greg Wise, Rade Šerbedžija, Zack Pearlman, and Keye Chen join the… https://t.co/GFob2KrD8H",7
108,0.4404,0.0,0.884,CBS,0.116,2018-02-20 02:55:19 PM,"RT @LivinBiblically: When you're living by the Bible, it's good to have a priest and a rabbi on call (provided they answer their phones, th…",8
109,0.3612,0.0,0.872,CBS,0.128,2018-02-20 12:39:51 PM,Ready for some larger than life competition? This new series from @MarkBurnettTV will premiere in summer 2018.… https://t.co/gDXHLdIJ5v,9
110,-0.4019,0.119,0.881,CBS,0.0,2018-02-20 12:58:18 PM,"RT @thegoodfight: Chicago lawyers are being hunted and the world is going insane. 

The new season of #TheGoodFight premieres Sunday, March…",10
111,0.6808,0.0,0.752,CBS,0.248,2018-02-21 01:19:25 PM,"RT @CBSEyeSpeak: Proud to announce a new CBS initiative, promoting female empowerment and developing the next generation of leaders through…",11
112,0.0,0.0,1.0,CBS,0.0,2018-02-21 02:20:04 PM,RT @CBSEyeSpeak: Mark your calendars! #CBSEyeSpeak kicks off March 14 with The EYE Speak Summit. Follow our page for more details! https://…,12
113,0.0,0.0,1.0,CBS,0.0,2018-02-22 02:26:52 PM,"RT @LivinBiblically: Confession time: have YOU ever hit the ""close door"" button in an elevator while somebody was approaching? The cast of…",13
114,0.5093,0.0,0.845,CBS,0.155,2018-02-23 01:15:40 PM,RT @thegoodfight: This is our new favorite thing. Christine Baranski debuted #TheGoodFight the Musical on @colbertlateshow last night! ??…,14
115,0.0,0.0,1.0,CBS,0.0,2018-02-25 04:51:22 PM,"RT @thegoodfight: #TheGoodFight returns in 1 week. Season 2 premieres Sunday, March 4. https://t.co/nomCao1GWp https://t.co/BOn6bOe9Tb",15
116,0.0,0.0,1.0,CBS,0.0,2018-02-25 04:51:32 PM,RT @startrekcbs: Binge the entire first season of #StarTrekDiscovery. All episodes now streaming exclusively on CBS All Access: https://t.c…,16
117,0.7644,0.0,0.769,CBS,0.231,2018-02-25 08:12:32 PM,"RT @CBSBigBrother: It’s down to the final 5 celebrity Houseguests, and anyone could take home the grand prize! Tune in NOW to watch the #BB…",17
118,0.9359,0.0,0.571,CBS,0.429,2018-02-26 01:20:16 PM,RT @TheTalkCBS: TODAY: We loved them together then &amp; we love seeing them together now! Welcome back to the show @THESaraGilbert?'s good fri…,18
119,0.784,0.0,0.734,CBS,0.266,2018-02-26 01:32:36 PM,RT @SuperiorDonuts: You can always count on @DavidKoechner for a laugh! Did your favorite Tush moment make the list? Catch a new #SuperiorD…,19
120,0.4482,0.0,0.895,CBS,0.105,2018-02-26 02:53:41 PM,"RT @ScorpionCBS: You can't hack your way to a 197 IQ, but you are well on your way with these Genius Facts from #TeamScorpion! ? You can be…",20
121,0.0,0.0,1.0,CBS,0.0,2018-02-26 04:08:30 PM,"RT @ACMawards: That’s right! @Reba is headed to @CBSThisMorning on Thursday, March 1 to announce this year’s #ACMAwards' nominees. Tune in…",21
122,0.0,0.0,1.0,CBS,0.0,2018-02-26 05:50:32 PM,"RT @KevinCanWaitCBS: Can you get all the way through these #KevinCanWait bloopers without laughing?! @KevinJames,@LeahRemini and the rest o…",22
123,0.5562,0.0,0.848,CBS,0.152,2018-02-26 10:23:47 PM,RT @LivinBiblically: The fun continues on Facebook! The #LivingBiblically cast is live to talk about tonight’s premiere. Tune in here: http…,23
124,0.0,0.0,1.0,CBS,0.0,2018-02-26 11:17:55 AM,"RT @CBSSports: Introducing CBS Sports HQ, a New 24/7 Direct-to-Consumer Streaming Network for Sports News, Highlights, &amp; Analysis.

Stream…",24
125,0.0,0.0,1.0,CBS,0.0,2018-02-26 11:52:01 AM,"#LivingBiblically's @linzkraft and @jrfergjr appeared on @KCBS's Facebook Live this morning, talking all about what… https://t.co/4RebcHuuMQ",25
126,-0.5423,0.184,0.816,CBS,0.0,2018-02-26 11:53:56 AM,"RT @thegoodfight: As foundations begin to crumble, our characters struggle to make sense of this new dystopian world. The cast teases what'…",26
127,0.4404,0.0,0.884,CBS,0.116,2018-02-28 02:08:30 PM,"RT @thegoodfight: From the set design and costumes to hair and makeup, the production quality is truly next-level. Take a peek inside the u…",27
128,0.0,0.0,1.0,CBS,0.0,2018-02-28 02:56:58 PM,"RT @CBSThisMorning: TOMORROW: The nominees for the 2018 @ACMawards will be announced live by the one-and-only, @Reba! 

Watch on @CBS in ou…",28
129,0.0,0.0,1.0,CBS,0.0,2018-02-28 08:04:52 PM,RT @survivorcbs: It’s time! #Survivor https://t.co/YPk6cGWrUA,29
130,0.4885,0.151,0.615,CBS,0.234,2018-03-01 01:10:50 PM,RT @KeithUrban: ACMs...... HOLY SMOKES!!!!! MAD LOVE TO U ALL THIS MORNING  FOR THESE INCREDIBLE NOMINATIONS. I’M EXTREMELY GRATEFUL!!!!!!!…,30
131,0.8591,0.0,0.462,CBS,0.538,2018-03-01 01:11:50 PM,RT @KelseaBallerini: Ohhhhh goodness. Incredible. Thank you thank you thank you. #female https://t.co/1ZTYjNfQeF,31
132,0.4547,0.092,0.749,CBS,0.159,2018-03-01 01:12:57 PM,"RT @MarenMorris: Hot damn! Woke up from my post-wisdom teeth haze to find out I’m up for 4 @ACMawards ! So honored, especially for the Dear…",32
133,-0.6981,0.21,0.79,CBS,0.0,2018-03-01 01:59:01 PM,RT @ZoeListerJones: Tonight’s an all new Life In Pieces and it’s directed by my ride or die @nataliaanderson!!!… https://t.co/2LPfmyLWrY,33
134,0.0,0.0,1.0,CBS,0.0,2018-03-01 08:50:11 AM,"The Queen of Country, @Reba, is returning to host the 53rd #ACMawards on Sunday, April 15 at 8/7c. Here are a few o… https://t.co/Iqzz6Gql01",34
135,0.6908,0.0,0.725,CBS,0.275,2018-03-01 09:15:29 AM,".@ChrisStapleton, @ThomasRhett, @mirandalambert and more are all nominated for awards at Country Music's Party of t… https://t.co/Vm1vXRUDYJ",35
136,0.7717,0.0,0.675,CBS,0.325,2018-03-01 09:29:20 AM,"RT @ACMawards: Please give a round of applause to this year’s #ACMawards Entertainer of the Year nominees: @Jason_Aldean, @GarthBrooks, @Lu…",36
137,0.5994,0.0,0.822,CBS,0.178,2018-03-01 09:36:21 AM,"RT @ACMawards: Congratulations to this year’s #ACMawards Video of the Year nominees:
“Black” - @DierksBentley
“It Ain’t My Fault” - @Brothe…",37
138,0.4939,0.0,0.849,CBS,0.151,2018-03-02 01:45:00 PM,"In honor of Women's History Month, CBS and the Association of National Advertisers' (ANA) #SeeHer initiative will p… https://t.co/2wtYxKJVuO",38
139,0.7096,0.0,0.718,CBS,0.282,2018-03-02 03:30:01 PM,"Join @maria_bello, @aishatyler and @TeaLeoni in celebrating the accomplishments of women who have contributed to th… https://t.co/MefESBeFL3",39
140,0.7096,0.0,0.753,CBS,0.247,2018-03-02 05:30:01 PM,"Who are the trailblazing women in your life that inspire you? Join CBS and the ANA's #SeeHer initiative, celebratin… https://t.co/M0KqZ41Bes",40
141,0.0,0.0,1.0,CBS,0.0,2018-03-03 03:55:20 PM,"RT @thegoodfight: Tomorrow, #TheGoodFight is back. Stream the season 2 premiere only on CBS All Access: https://t.co/tNFR8LBJO2 https://t.c…",41
142,0.4404,0.0,0.884,CBS,0.116,2018-03-04 03:05:26 AM,"RT @thegoodfight: It feels good to be back. ??? The season 2 premiere of #TheGoodFight is now streaming, exclusively on CBS All Access: htt…",42
143,0.3818,0.0,0.833,CBS,0.167,2018-03-05 05:16:43 PM,"Will @Jason_Aldean, @garthbrooks, @LukeBryanOnline, @ChrisStapleton, or @KeithUrban be named Entertainer Of The Yea… https://t.co/rMD8zjeX3s",43
144,0.6705,0.0,0.756,CBS,0.244,2018-03-06 01:10:59 PM,"Meet the ensemble of talented actors slated to join $1, a new mystery series coming to CBS All Access:… https://t.co/QoyYv7vxwg",44
145,-0.2023,0.23,0.619,CBS,0.15,2018-03-07 01:39:10 PM,"RT @thegoodfight: Meticulously constructed. Soapy &amp; sexy. Intoxicating, savage television. ? Here's what critics are saying about #TheGoodF…",45
146,0.0,0.0,1.0,CBS,0.0,2018-03-07 12:06:02 PM,"This just in! @Jason_Aldean, @mirandalambert, @LukeBryanOnline, and many more are set to perform at the 53rd Academ… https://t.co/mfxw2VxzU4",46
147,0.8625,0.0,0.664,CBS,0.336,2018-03-08 01:00:49 PM,Today and every day we celebrate the women in our lives who empower and inspire us. Share a story about an influent… https://t.co/9rVtqrElvT,47
148,0.4926,0.0,0.868,CBS,0.132,2018-03-08 12:03:04 PM,Take and post a photo of the woman in your life who inspires you daily! Use the hashtag #WomanAmenACM in your post… https://t.co/7ShhvE48zy,48
149,0.8658,0.0,0.553,CBS,0.447,2018-03-09 01:27:28 PM,"RT @thegoodfight: Smart, sexy, and sophisticated. See what's coming this season on #TheGoodFight. https://t.co/CuKhx2G50P https://t.co/ygTI…",49
150,0.4215,0.0,0.823,CBS,0.177,2018-03-09 04:10:21 PM,"Give a round of applause to @KelseaBallerini, @MirandaLambert, @Reba, @MarenMorris, and @CarrieUnderwood, the five… https://t.co/Ncp1BTXx6N",50
151,0.1275,0.092,0.795,CBS,0.113,2018-03-09 05:24:20 PM,"RT @MomCBS: If you missed guest star @KChenoweth in the latest episode of #Mom, not to worry! Watch now: https://t.co/RlvXoGOZ0l https://t.…",51
152,0.4926,0.0,0.883,CBS,0.117,2018-03-09 05:48:26 PM,RT @DierksBentley: Take and post a photo of the woman in your life who inspires you daily! Use the hashtag #WomanAmenACM in your post for a…,52
153,0.0,0.0,1.0,CBS,0.0,2018-03-09 11:02:27 AM,RT @BlueBloods_CBS: Even stand-up guys fall down sometimes. #BlueBloods is new tonight at 10/9c! https://t.co/UOlDm22wWW,53
154,0.0,0.0,1.0,CBS,0.0,2018-03-11 08:20:43 PM,"RT @MadamSecretary: In less than an hour, #MadamSecretary's Keith Carradine will be taking over the @MadamSecretary Twitter page! Tweet alo…",54
155,0.2244,0.0,0.917,CBS,0.083,2018-03-12 01:13:28 PM,RT @thegoodfight: The verdict is in. The new season of #TheGoodFight is ???! Stream it now on CBS All Access: https://t.co/FkYSNSXlRb https…,55
156,0.3612,0.0,0.857,CBS,0.143,2018-03-13 01:48:52 PM,"RT @ManWithAPlan: Hungry for more #ManWithAPlan bloopers and behind-the-scenes videos featuring cast like @matt_leblanc, @thelizasnyder, @k…",56
157,0.539,0.0,0.821,CBS,0.179,2018-03-13 09:15:10 AM,"Music stars @MileyCyrus, @edsheeran, @ladygaga, and more will honor the legendary @eltonofficial and his hit songs… https://t.co/UzxARCCLnI",57
158,0.6696,0.0,0.781,CBS,0.219,2018-03-14 02:30:01 PM,"Give these ladies some love! @Lauren_Alaina, @DBradbery, @carlypearce, and @RaeLynn are nominated for New Female Vo… https://t.co/IVhwURfJ3S",58
159,0.6115,0.0,0.734,CBS,0.266,2018-03-15 09:32:16 AM,RT @CBSSports: It's the most wonderful time of the year. #MarchMadness https://t.co/e4c9qohqSR,59
160,0.6514,0.0,0.806,CBS,0.194,2018-03-15 11:42:41 AM,Stream First Round games LIVE today starting at 12PM ET with a FREE trial of CBS All Access! https://t.co/3P85rXLy4b https://t.co/vZow3YD8cb,60
161,-0.4939,0.157,0.766,CBS,0.077,2018-03-15 12:20:26 PM,RT @instinctcbs: Dr. Dylan Reinhart is lured back into the field from his life of quiet academia when a certain serial killer makes things…,61
162,0.7088,0.0,0.763,CBS,0.237,2018-03-15 12:54:06 PM,"RT @TheTalkCBS: You asked, we answered! The fun never ends when the ladies #KeepTalking and answer your fan questions ???? https://t.co/ie1…",62
163,0.0,0.0,1.0,CBS,0.0,2018-03-16 01:15:53 PM,"RT @thegoodfight: Go behind the scenes with costume designer @DanLawsonStyle in ""Behind The Style,"" a new weekly video series all about the…",63
164,0.296,0.0,0.896,CBS,0.104,2018-03-16 05:53:21 PM,Stars @JakeMcDorman and Nik Dodani will join the cast in the upcoming revival of Murphy Brown coming to CBS.… https://t.co/JCAx29lo0i,64
165,0.6514,0.0,0.822,CBS,0.178,2018-03-16 11:28:40 AM,The games have just begun! Continue to stream First Round games LIVE today with a FREE trial of CBS All Access:… https://t.co/YTGsJ48zYP,65
166,0.0,0.0,1.0,CBS,0.0,2018-03-17 02:00:02 PM,"If any duo knows how to rock the stage, it's @FLAGALine. The Vocal Duo Of The Year nominee will perform live at the… https://t.co/FknabB8NQp",66
167,0.7096,0.0,0.753,CBS,0.247,2018-03-17 09:00:03 AM,Where better to spend #StPatricksDay than the place everybody knows your name? It’s just your luck that every singl… https://t.co/Fom5wmdENL,67
168,0.6166,0.0,0.839,CBS,0.161,2018-03-17 12:42:43 PM,How is your bracket looking after last night? Stream Second Round games LIVE today with a FREE trial of CBS All Acc… https://t.co/25JlIpgwog,68
169,0.6514,0.0,0.787,CBS,0.213,2018-03-18 01:05:43 PM,Spend your Sunday streaming Second Round games LIVE with a FREE trial of CBS All Access! https://t.co/3P85rXLy4b https://t.co/zbWfirD9Ju,69
170,0.0,0.0,1.0,CBS,0.0,2018-03-18 06:44:30 PM,New start times in East/Central Time Zones: #60Minutes 7:37ET/6:37CT #Instinct series premiere 8:37ET/7:37CT… https://t.co/xT3YKqmu2M,70
171,0.1867,0.0,0.92,CBS,0.08,2018-03-18 12:09:53 PM,"RT @instinctcbs: TONIGHT, Dr. Dylan Reinhart rewrites the book on abnormal behavior. Don't miss the premiere of #Instinct at 8/7c! https://…",71
172,0.7845,0.072,0.619,CBS,0.309,2018-03-19 04:02:26 PM,"RT @YandR_CBS: Forever evolving, Forever inspiring, Forever Young and Restless. ?? Get ready to celebrate 45 years of #YR starting in just…",72
173,0.5106,0.0,0.858,CBS,0.142,2018-03-20 03:00:01 PM,The legendary @Reba returns to host the 53rd #ACMawards and she’s proving just how comfortable she is behind the mi… https://t.co/XPXcSPRXqC,73
174,0.0,0.0,1.0,CBS,0.0,2018-03-20 11:11:00 AM,"Country superstars @kennychesney, @ladyantebellum, @blakeshelton, and @KeithUrban have just been added to the stell… https://t.co/bJ4If7MacP",74
175,0.5562,0.0,0.826,CBS,0.174,2018-03-20 11:52:42 AM,RT @ladyantebellum: Ecstatic to announce we'll be performing at the #ACMawards in Las Vegas again this year! https://t.co/Qfhs94j6FR,75
176,0.0,0.0,1.0,CBS,0.0,2018-03-20 12:58:43 PM,RT @nancyodell: Told my daughter I'd be presenting at @ACMawards again this year. (Woot woot!We both luv country music!)She took this pic o…,76
177,0.0,0.0,1.0,CBS,0.0,2018-03-21 01:00:01 PM,Female Vocalist Of The Year nominee @MarenMorris will show her fans how it’s done when she takes the stage to showc… https://t.co/PITjmAoFT8,77
178,0.636,0.0,0.802,CBS,0.198,2018-03-21 07:23:38 PM,Congratulations to all of the @CBSDaytime nominees for the #DaytimeEmmys! See the full list of #DaytimeEmmy nominee… https://t.co/ivJVJWvfsf,78
179,0.7081,0.066,0.623,CBS,0.311,2018-03-22 03:52:02 PM,Save the date! These are season finales you do NOT want to miss. RT if you're excited! https://t.co/UUQoWsPPSh https://t.co/cDl4WmxMtU,79
180,0.0,0.0,1.0,CBS,0.0,2018-03-22 05:10:29 PM,Game on! 16 teams left and the race to the finish continues tonight. Stream #11 Loyola-Chicago vs #7 Nevada LIVE at… https://t.co/W374rmzzoC,80
181,0.8997,0.0,0.645,CBS,0.355,2018-03-23 05:32:48 PM,"RT @HawaiiFive0CBS: Nothing like a man and his dog! ?? Happy #NationalPuppyDay to Eddie, the best pup on the Five-0 Task Force! #H50 https:…",81
182,0.4939,0.0,0.686,CBS,0.314,2018-03-23 05:33:04 PM,RT @SEALTeamCBS: In honor of #NationalPuppyDay... ? #SEALTeam https://t.co/4mIZPpiRlU,82
183,0.6996,0.0,0.806,CBS,0.194,2018-03-23 05:33:52 PM,Get ready for some sweet games! Stream #5 Clemson vs #1 Kansas LIVE at 7PM ET and #11 Syracuse vs #2 Duke LIVE at 9… https://t.co/4WstgrKNnW,83
184,0.0,0.0,1.0,CBS,0.0,2018-03-24 03:00:02 PM,"Get on your feet for @Jason_Aldean, @ThomasRhett, @ChrisStapleton, @KeithUrban, and @ChrisYoungMusic, the five nomi… https://t.co/oT5ogjdj4x",84
185,0.9451,0.0,0.58,CBS,0.42,2018-03-24 05:21:23 PM,RT @MomCBS: “I love this job. I love working with these women. I love working in front of the live audience… It’s alive and it’s fun.” - @A…,85
186,0.7184,0.0,0.667,CBS,0.333,2018-03-24 05:21:26 PM,"RT @MomCBS: ""You get to appreciate working with such talented people."" - @AnnaKFaris #Mom #PaleyFest",86
187,0.0,0.0,1.0,CBS,0.0,2018-03-24 05:21:34 PM,"RT @MomCBS: ""I'm not someone in recovery who goes to AA, but I have taken so much away from it...to take one day at a time."" - @theJaimePre…",87
188,0.0,0.0,1.0,CBS,0.0,2018-03-24 05:21:37 PM,RT @MomCBS: Mom Co-Creator @GemmaRBaker just pointed out her own #Mom in the audience at #PaleyFest! ?,88
189,0.7003,0.0,0.791,CBS,0.209,2018-03-24 05:25:03 PM,"RT @MomCBS: ""Go out for it anyway. If you're good for the role, you're good for the role."" @theJaimePressly's advice for aspiring actors wi…",89
190,-0.34,0.185,0.7,CBS,0.115,2018-03-24 05:46:43 PM,RT @MomCBS: A fan just commented that #Mom helped bring him out of a deep depression. ??? #PaleyFest,90
191,0.5399,0.0,0.801,CBS,0.199,2018-03-24 05:46:53 PM,RT @MomCBS: That's a wrap on the #Mom panel at #PaleyFest! Thanks for following along! https://t.co/we4JgqPt6P,91
192,0.0,0.0,1.0,CBS,0.0,2018-03-25 06:57:34 PM,New start times in East/Central Time Zones #60Minutes 7:35ET/6:35CT #Instinct  8:35ET/7:35CT #NCISLA 9:35ET/8:35CT… https://t.co/8W5hAeLrvs,92
193,0.5319,0.062,0.78,CBS,0.157,2018-03-25 12:15:25 PM,Don’t miss a minute of the action. Stream the Elite Eight® games LIVE today starting at 2PM ET with a FREE trial of… https://t.co/8NwU8HdiHR,93
194,0.0,0.0,1.0,CBS,0.0,2018-03-26 03:42:48 PM,"RT @ACMawards: In case you didn’t know, the ACM for New Male Vocalist of the Year goes to @BrettYoungMusic. Check out his reaction when @Re…",94
195,0.508,0.0,0.88,CBS,0.12,2018-03-26 05:14:25 PM,"RT @ACMawards: The ACM for New Vocal Group of the Year goes to @MidlandOfficial! And yes, that really was @Reba on the phone! #ACMawards ht…",95
196,0.807,0.0,0.622,CBS,0.378,2018-03-26 11:05:18 AM,"Congratulations to the 53rd #ACMawards New Artist winners @Lauren_Alaina, @MidlandOfficial, and @BrettYoungMusic! W… https://t.co/Fr8H4arwGj",96
197,0.7959,0.0,0.786,CBS,0.214,2018-03-26 11:59:19 AM,RT @ACMawards: Over the weekend @Reba called the ACM New Artist of the Year winners to let them know they had won! Let’s just say our New F…,97
198,0.3818,0.108,0.68,CBS,0.212,2018-03-27 04:00:01 PM,Count on Entertainer Of The Year nominee @LukeBryanOnline to crash the party with an epic performance at the 53rd… https://t.co/27ua60HTqu,98
199,0.296,0.0,0.901,CBS,0.099,2018-03-27 12:00:00 PM,Join @eltonofficial and some of today's hottest names in music when they take the stage to perform his most memorab… https://t.co/jz0jaShZIj,99
200,0.2023,0.0,0.843,CNN,0.157,2018-03-27 09:01:03 PM,"Progressives, states and civil rights advocates are preparing a flurry of legal challenges to the Trump administrat… https://t.co/COBpw3wtor",0
201,0.0,0.0,1.0,CNN,0.0,2018-03-27 09:02:53 PM,"RT @AC360: As his administration doubles down on building a border wall, President Trump suggests the US military may foot the bill https:/…",1
202,-0.7906,0.292,0.708,CNN,0.0,2018-03-27 09:08:05 PM,"Larry Nassar's former boss at Michigan State University used his power to sexually assault, harass, and solicit nud… https://t.co/X7BiNzGTGV",2
203,0.0,0.0,1.0,CNN,0.0,2018-03-27 09:15:52 PM,RT @CNNTonight: The White House defends President Trump's silence on allegations leveled against him by Stormy Daniels https://t.co/xPKWwph…,3
204,0.0,0.0,1.0,CNN,0.0,2018-03-27 09:16:06 PM,"Actor Sean Penn smoked a cigarette during an interview on ""The Late Show With Stephen Colbert,"" and viewers had a s… https://t.co/DYMvSOouIc",4
205,-0.5267,0.139,0.861,CNN,0.0,2018-03-27 09:20:30 PM,"Sean Penn, who has done work in Haiti for years, says he felt ""deep hurt"" following the controversy over Pres. Trum… https://t.co/jkTdsZtERk",5
206,0.0,0.0,1.0,CNN,0.0,2018-03-27 09:23:04 PM,President Trump has privately floated the idea of funding construction of a border wall with Mexico through the US… https://t.co/OVJnG1Arkl,6
207,-0.1531,0.078,0.922,CNN,0.0,2018-03-27 09:26:05 PM,"An Ohio fertility clinic says more than 4,000 eggs and embryos were affected by a freezer malfunction, double the n… https://t.co/2kUalNEtFo",7
208,-0.5574,0.205,0.795,CNN,0.0,2018-03-27 09:31:02 PM,"Prince had a ""exceedingly high"" concentration of fentanyl in his body when he died https://t.co/xzXGWvrqky https://t.co/5CBfqJYBNs",8
209,-0.296,0.115,0.885,CNN,0.0,2018-03-27 09:31:54 PM,"Walmart says it will stop selling Cosmopolitan magazine in checkout lines 

The National Center on Sexual Exploitat… https://t.co/oJWSfJKGk2",9
210,0.4939,0.0,0.814,CNN,0.186,2018-03-27 09:34:40 PM,Former Disney Channel star Caroline Sunshine is joining the White House press team https://t.co/rOYDj2tPs1 https://t.co/xamwbkWP7h,10
211,0.0,0.0,1.0,CNN,0.0,2018-03-27 09:39:04 PM,11 reasons (besides the NCAA Final Four) to visit San Antonio https://t.co/1YGqpmrZKz via @CNNTravel https://t.co/Vi45YehYXR,11
212,0.0,0.0,1.0,CNN,0.0,2018-03-27 09:46:06 PM,"Waymo and Jaguar unveil a self-driving, electric SUV https://t.co/DTylJKCuML https://t.co/2aD3JXwfGM",12
213,0.5574,0.0,0.753,CNN,0.247,2018-03-27 10:01:06 PM,"Wall Street bonuses soar 17% to an average of $184,200 https://t.co/qlOQGfehL8 https://t.co/1bw7FWYwwl",13
214,-0.1531,0.078,0.922,CNN,0.0,2018-03-27 10:10:02 PM,"An Ohio fertility clinic says more than 4,000 eggs and embryos were affected by a freezer malfunction, double the n… https://t.co/0EZ5F2Ua6p",14
215,-0.4522,0.135,0.865,CNN,0.0,2018-03-27 10:16:04 PM,Blue states are far more likely to lose money and power over Census citizenship question | Analysis by CNN's Harry… https://t.co/13EWDxnd6X,15
216,-0.34,0.107,0.893,CNN,0.0,2018-03-27 10:31:06 PM,England's health agency is warning parents to be aware of the signs and symptoms of scarlet fever as infections con… https://t.co/vKJ6QOKqmv,16
217,0.0,0.0,1.0,CNN,0.0,2018-03-27 10:46:03 PM,Democrats may already be 35% of the way to a House majority https://t.co/Ya3cFVnqud | Analysis by Harry Enten https://t.co/PKanQAjkpg,17
218,-0.4404,0.146,0.854,CNN,0.0,2018-03-27 11:16:02 PM,"Facebook's stock has plunged 18% amid its data scandal, wiping out nearly $80 billion in market value… https://t.co/qm59i14Pq0",18
219,0.806,0.0,0.697,CNN,0.303,2018-03-27 11:31:45 PM,"""They didn't have to kill him like that. They didn't have to shoot him that many times."" The grandmother of Stephon… https://t.co/4pvJGbpw9J",19
220,-0.2732,0.11,0.89,CNN,0.0,2018-03-27 11:46:00 PM,Apple co-founder Steve Jobs warned about privacy issues in tech at a conference in 2010. Facebook's Mark Zuckerberg… https://t.co/z4A3NW8cBb,20
221,0.0,0.0,1.0,CNN,0.0,2018-03-28 01:01:35 AM,A 21-year-old journalist is making headlines in Pakistan by becoming the country's first transgender news anchor… https://t.co/4N5Fgz2grz,21
222,-0.7845,0.361,0.639,CNN,0.0,2018-03-28 01:08:02 PM,A lawsuit that accuses President Trump of taking illegal gifts from foreign governments through his family's busine… https://t.co/SXASep2Xru,22
223,0.2732,0.0,0.792,CNN,0.208,2018-03-28 01:16:05 AM,Presidential misspellings create a spike in dictionary searches https://t.co/22k30o3GBt https://t.co/k8l11vyghZ,23
224,0.0,0.0,1.0,CNN,0.0,2018-03-28 01:17:46 PM,"Sarah Sanders holds the White House press briefing. Watch CNN: https://t.co/UYpqI3w42L

Follow live updates:… https://t.co/vBDGbXTzAz",24
225,0.1027,0.0,0.928,CNN,0.072,2018-03-28 01:21:08 PM,The Academy of Motion Picture Arts and Sciences has cleared its president of an allegation of sexual harassment… https://t.co/3XKpRdI5lG,25
226,0.0,0.0,1.0,CNN,0.0,2018-03-28 01:26:06 AM,The US and South Korea are striking a new trade deal. Here's what you need to know https://t.co/abSgyPxnfK https://t.co/hkGt5hMX5G,26
227,0.0,0.0,1.0,CNN,0.0,2018-03-28 01:31:06 AM,Researchers have detailed the structure and distribution of spaces in your body that they say represent a newfound… https://t.co/ssGm7w96WZ,27
228,0.0,0.0,1.0,CNN,0.0,2018-03-28 01:34:24 PM,President Trump says on Twitter that Chinese President Xi Jinping told him that his meeting with North Korean dicta… https://t.co/lZWjNbrGgO,28
229,-0.5719,0.252,0.748,CNN,0.0,2018-03-28 01:34:38 AM,"Surrounded by hawks, Mattis digs in amid Trump admin chaos https://t.co/hzo5tqVEiB https://t.co/zpMK8cs323",29
230,0.0,0.0,1.0,CNN,0.0,2018-03-28 01:47:53 PM,"China's military put on a show of force in the South China Sea, new satellite images show, with drills at sea and i… https://t.co/N85diPGDYY",30
231,-0.6369,0.189,0.811,CNN,0.0,2018-03-28 01:49:05 PM,Asked about the President's reaction after Louisiana's decision not to charge the officers who fatally shot Alton S… https://t.co/QQTKf6os8i,31
232,0.0,0.0,1.0,CNN,0.0,2018-03-28 01:51:01 AM,Playboy says it's leaving Facebook over the social network's handling of user data https://t.co/x6XaykSzz7 https://t.co/4q6JtV8x52,32
233,0.0,0.0,1.0,CNN,0.0,2018-03-28 01:53:35 PM,RT @CNNPolitics: White House press secretary Sarah Sanders deflects a question about a New York Times report that Trump’s lawyer John Dowd…,33
234,-0.1779,0.124,0.737,CNN,0.138,2018-03-28 01:54:59 PM,White House press secretary Sarah Sanders: “We've put out a number of solutions to fix the DACA problem. Democrats… https://t.co/O7nnEV5sJO,34
235,0.128,0.0,0.894,CNN,0.106,2018-03-28 01:57:56 PM,"RT @CNNPolitics: Sarah Sanders says specific instances of the police using deadly force are a ""local matter"" but that they want to make sur…",35
236,0.0,0.0,1.0,CNN,0.0,2018-03-28 02:01:48 PM,Ireland will hold a referendum on May 25 on whether abortion should be legalized https://t.co/mrdrnzvUu8,36
237,0.0772,0.0,0.933,CNN,0.067,2018-03-28 02:05:40 PM,"RT @CNNnewsroom: Perhaps President Trump is secretly thinking, 'I want [Michael Avenatti] as my lawyer'"" - constitutional attorney Page Pat…",37
238,0.4939,0.0,0.814,CNN,0.186,2018-03-28 02:08:07 AM,Former Disney Channel star Caroline Sunshine is joining the White House press team https://t.co/0xzzdpWBda https://t.co/gWIWjBsubx,38
239,0.296,0.0,0.891,CNN,0.109,2018-03-28 02:11:16 PM,"President Trump's lawyer John Dowd floated the idea of presidential pardons for Paul Manafort and Michael Flynn, Th… https://t.co/KByVdSCtVj",39
240,0.34,0.0,0.87,CNN,0.13,2018-03-28 02:26:34 PM,"13,000-year-old footprints were found off the coast of a Canadian island, giving researchers insight into life duri… https://t.co/bJEFqwFXAk",40
241,0.2732,0.0,0.792,CNN,0.208,2018-03-28 02:31:15 AM,Presidential misspellings create a spike in dictionary searches https://t.co/CWxTXMgWoo https://t.co/AqUYEPwHrg,41
242,-0.296,0.196,0.804,CNN,0.0,2018-03-28 02:37:33 PM,Why Trump country is worried about Trump's tariffs https://t.co/mJZHMYxLYj https://t.co/JYL14Rea3j,42
243,0.3818,0.0,0.729,CNN,0.271,2018-03-28 02:53:07 AM,Stunning photos capture Egypt's ancient underworld https://t.co/3OMXtOdOET https://t.co/vBslFULrey,43
244,0.2732,0.0,0.851,CNN,0.149,2018-03-28 02:58:00 AM,North Korea's Kim Jong Un just made a surprise visit to China https://t.co/D2VD2c5dN2 https://t.co/FOEYnpHa72,44
245,0.0,0.0,1.0,CNN,0.0,2018-03-28 03:14:15 AM,4 things to know about your cryptocurrency at tax time https://t.co/EhtSCOrgWI https://t.co/Cd45ZpYxu4,45
246,0.34,0.0,0.862,CNN,0.138,2018-03-28 03:24:57 AM,This blue diamond is going on sale for the first time in its history https://t.co/8ydJZDBC2J https://t.co/c5TF5Foxsh,46
247,0.4019,0.0,0.816,CNN,0.184,2018-03-28 03:35:48 AM,"Yes, a sitting president can be indicted, says former acting solicitor general https://t.co/AZRaJFJcYq https://t.co/rpNLic19yy",47
248,-0.4019,0.231,0.769,CNN,0.0,2018-03-28 03:47:03 AM,An unheard-of problem: The President can't find a lawyer https://t.co/tDqNcNZIXC https://t.co/sjFxqLrgxf,48
249,-0.0772,0.08,0.854,CNN,0.065,2018-03-28 03:58:04 AM,The number of eggs and embryos affected by a fertility clinic freezer malfunction has doubled -- and it's unlikely… https://t.co/LQDnznSqlq,49
250,-0.5106,0.171,0.829,CNN,0.0,2018-03-28 04:18:28 AM,"All 22 Democratic and Republican female senators have written a letter expressing their ""deep disappointment"" in th… https://t.co/HUIQ3Vj4cv",50
251,0.4215,0.0,0.882,CNN,0.118,2018-03-28 04:29:49 AM,Next month comes the true test: When Kim Jong Un meets with South Korean leader Moon Jae-in and US President Donald… https://t.co/r9sboOiaIH,51
252,0.0772,0.0,0.942,CNN,0.058,2018-03-28 04:41:32 AM,The census is the basis for the number of representatives each state gets in the House of Representatives and how b… https://t.co/I7ijmYVcSb,52
253,0.3384,0.0,0.888,CNN,0.112,2018-03-28 04:52:44 AM,This $200 billion solar power project in Saudi Arabia would generate far more energy than any existing solar project https://t.co/k8H2l20Al2,53
254,0.3612,0.0,0.878,CNN,0.122,2018-03-28 05:02:08 AM,This is what life is like for would-be immigrants to the US from Mexico and Central America https://t.co/ZuKO2IJOqv https://t.co/bXqCKMBluJ,54
255,-0.4215,0.28,0.591,CNN,0.129,2018-03-28 05:16:07 AM,Facebook has lost $80 billion in market value since its data scandal https://t.co/pwtYufwwLh https://t.co/R7L4L5SzIC,55
256,0.1027,0.14,0.7,CNN,0.16,2018-03-28 05:49:31 AM,RT @cnni: Mourners clutching umbrellas line the streets of Paris today to honor him #HommageNational https://t.co/aAxDeAkV6u,56
257,0.5574,0.0,0.825,CNN,0.175,2018-03-28 06:04:53 AM,"For the second time this term, the Supreme Court will take up the issue of partisan gerrymandering… https://t.co/FgxCKGvmf8",57
258,-0.4019,0.184,0.816,CNN,0.0,2018-03-28 06:15:22 AM,Two states where Democrats are looking for a wave to crash in November https://t.co/NvyGVqMacK,58
259,0.296,0.0,0.891,CNN,0.109,2018-03-28 06:25:33 AM,Not all of California opposes President Donald Trump's immigration policies: Orange County has voted to join the fe… https://t.co/1cOjyCcNvm,59
260,-0.802,0.34,0.66,CNN,0.0,2018-03-28 06:35:45 AM,"Yesterday, Sacramento residents voiced their outrage over Stephon Clark's shooting death, causing a city council me… https://t.co/1H5MvdPsSt",60
261,-0.4019,0.231,0.769,CNN,0.0,2018-03-28 06:46:03 AM,An unheard-of problem: The President can't find a lawyer https://t.co/5b8ZDhUgJh https://t.co/l0Q9dGmYI5,61
262,-0.34,0.244,0.595,CNN,0.161,2018-03-28 06:56:15 AM,The UK's biggest left-wing party is mired in an antisemitism crisis https://t.co/5E7sGUcAms,62
263,0.0,0.0,1.0,CNN,0.0,2018-03-28 07:07:09 AM,China throws Trump a curveball ahead of his meeting with Kim https://t.co/l7oSpihm9g,63
264,0.0,0.0,1.0,CNN,0.0,2018-03-28 07:18:08 AM,A citizenship question on the 2020 Census could prompt a blank response from non-citizens https://t.co/UWVTK1QP2c https://t.co/QIB4wkq2Ry,64
265,0.0,0.0,1.0,CNN,0.0,2018-03-28 07:29:39 AM,Stormy Daniels' attorney has filed a motion in federal court seeking to depose President Donald Trump and his lawye… https://t.co/kshk7QvYq8,65
266,-0.5106,0.171,0.829,CNN,0.0,2018-03-28 07:41:05 AM,"All 22 Democratic and Republican female senators have written a letter expressing their ""deep disappointment"" in th… https://t.co/UYuQYgCm1t",66
267,0.0,0.0,1.0,CNN,0.0,2018-03-28 07:52:25 AM,"Sen. John McCain is penning ""his most personal book in years"" that will offer ""his no-holds-barred opinions on the… https://t.co/IpyMM8t0E9",67
268,-0.4588,0.143,0.857,CNN,0.0,2018-03-28 08:04:28 AM,Facebook isn't the only big internet business whose stock is taking a beating — China's biggest tech stock is getti… https://t.co/1tIMEEB5qI,68
269,0.4215,0.0,0.781,CNN,0.219,2018-03-28 08:16:02 AM,Facebook is making its privacy settings easier to find https://t.co/SCyngOIRup https://t.co/HLTAddbhgn,69
270,-0.4019,0.197,0.803,CNN,0.0,2018-03-28 08:27:16 AM,Here's an unheard-of problem: The US President can't find a laywer https://t.co/UTnhdFZ3yj https://t.co/rDX2NTATUQ,70
271,0.0,0.0,1.0,CNN,0.0,2018-03-28 08:38:58 AM,"The internet is burning with theories about ""Bite-gate"" after Tiffany Haddish said an actress bit Beyoncé last Dece… https://t.co/BPNAjJHFFp",71
272,-0.7579,0.289,0.711,CNN,0.0,2018-03-28 08:51:17 AM,Two designers of a massive waterslide in Kansas have been charged with second-degree murder in connection with the… https://t.co/SujkSD20zo,72
273,0.0,0.0,1.0,CNN,0.0,2018-03-28 09:04:15 AM,A data-crunching firm co-founded by Facebook board member Peter Thiel is investigating links between one of its emp… https://t.co/X3tVZjl0OC,73
274,0.34,0.0,0.888,CNN,0.112,2018-03-28 09:16:30 AM,"Former sheriff Joe Arpaio suggested that he would, if elected to the Senate, revive the debunked ""birther"" claim th… https://t.co/3DH2q0N76n",74
275,0.0,0.0,1.0,CNN,0.0,2018-03-28 09:32:23 AM,Of course Trump was going to seize on the far-fetched Second Amendment repeal idea | Analysis by @zbyronwolf https://t.co/LfQhvCLmCn,75
276,0.4215,0.157,0.602,CNN,0.241,2018-03-28 09:42:43 AM,"Restaurant partnerships with third parties like GrubHub and Uber Eats come with serious risks, including shrinking… https://t.co/N56AFeexmv",76
277,0.0,0.0,1.0,CNN,0.0,2018-03-28 09:50:00 AM,CNN's Anderson Cooper will host a town hall with former FBI Director James Comey on April 25 https://t.co/6ggD8uNOTw https://t.co/rlGXRvofuu,77
278,0.0,0.0,1.0,CNN,0.0,2018-03-28 10:01:14 AM,Former Sen. Rick Santorum says he misspoke earlier this week when suggesting that students should learn CPR instead… https://t.co/pxqONULrqK,78
279,-0.128,0.07,0.93,CNN,0.0,2018-03-28 10:15:22 AM,"Here are some of the things US taxpayers are getting for their $700 billion military budget:
-F-35 Joint Strike Fig… https://t.co/cos7DJW790",79
280,0.7184,0.0,0.714,CNN,0.286,2018-03-28 10:23:04 AM,The amazing turnaround for BlackBerry continues: Shares were up early Wednesday after the company reported earnings… https://t.co/Fve8YzCdOn,80
281,0.0,0.0,1.0,CNN,0.0,2018-03-28 10:33:58 AM,"Australia just released its report on an investigation into mesh implants that left some women with ""rotting pelvis… https://t.co/SiUOmyOiY6",81
282,0.25,0.0,0.917,CNN,0.083,2018-03-28 10:42:17 AM,"As the Stormy Daniels saga plays out in the news, Trump hasn't held a public event at the White House all week, and… https://t.co/x7rJ4VexWW",82
283,0.0,0.0,1.0,CNN,0.0,2018-03-28 10:50:10 AM,"Planned Parenthood is facing a backlash after one of its branches tweeted, and then deleted, a post suggesting Disn… https://t.co/18BAjdclrA",83
284,-0.34,0.13,0.87,CNN,0.0,2018-03-28 11:02:13 AM,Officials are opening an arson investigation into a fire that began Monday at Joshua Tree National Park… https://t.co/f2Hae37YfK,84
285,-0.5574,0.159,0.841,CNN,0.0,2018-03-28 11:16:20 AM,A New York City lawmaker has introduced a bill that would make it illegal for businesses to email or instant messag… https://t.co/wUHqQmh8yw,85
286,0.4939,0.0,0.814,CNN,0.186,2018-03-28 11:26:15 AM,Former Disney Channel star Caroline Sunshine is joining the White House press team https://t.co/74OVxcGGqy https://t.co/EpV2rUWHIM,86
287,0.0,0.0,1.0,CNN,0.0,2018-03-28 11:39:30 AM,This 21-year-old journalist is Pakistan's first transgender news anchor https://t.co/SKTfuDvGE4 https://t.co/4Fwpgnvaf2,87
288,0.4215,0.0,0.865,CNN,0.135,2018-03-28 11:50:12 AM,"The first meeting of Trump's school safety commission, formed after the Parkland school shooting, will not be open… https://t.co/MxlHWRwbLn",88
289,0.2732,0.0,0.9,CNN,0.1,2018-03-28 12:01:00 AM,"Former President Barack Obama says he aspires to create ""a million young Barack Obamas or Michelle Obamas"" who will… https://t.co/1QpomqEwNc",89
290,-0.2732,0.116,0.884,CNN,0.0,2018-03-28 12:02:02 PM,A Pennsylvania judge threw out involuntary manslaughter charges against 11 members of a Penn State fraternity in th… https://t.co/XoBKqZRHvf,90
291,0.1779,0.1,0.769,CNN,0.131,2018-03-28 12:16:04 AM,"Heineken has pulled an ad with the tagline ""Sometimes lighter is better"" after critics slammed it as racist.… https://t.co/cJ3fWyLp4y",91
292,0.0,0.0,1.0,CNN,0.0,2018-03-28 12:16:26 PM,Here's how to file for an extension on your 2017 taxes https://t.co/kcrFFyLZrw,92
293,0.0,0.0,1.0,CNN,0.0,2018-03-28 12:29:31 PM,"Donations to the NRA tripled in the weeks after the February 14 school shooting in Parkland, Florida https://t.co/UjFiYo7Goz",93
294,0.3818,0.0,0.729,CNN,0.271,2018-03-28 12:31:06 AM,Stunning photos capture Egypt's ancient underworld https://t.co/dGrCOQxEex https://t.co/AqKFFSZOCe,94
295,0.1531,0.0,0.918,CNN,0.082,2018-03-28 12:43:37 PM,A Democratic candidate challenging Rep. Devin Nunes in California took in more than $1 million in the first quarter… https://t.co/LjKe92qgbw,95
296,0.0,0.0,1.0,CNN,0.0,2018-03-28 12:46:05 AM,North Atlantic right whales may be on edge of extinction. There's been zero births this year.… https://t.co/DF4Vieqlpa,96
297,-0.4767,0.205,0.795,CNN,0.0,2018-03-28 12:48:33 AM,"Venezuela's health system is in worse condition than expected, according to survey https://t.co/xuW8v8XGtO",97
298,0.0,0.0,1.0,CNN,0.0,2018-03-28 12:57:38 PM,The first case of super-resistant gonorrhea has been reported in the UK https://t.co/GOja5c0gMM https://t.co/UUx3RLYVid,98
299,0.0,0.0,1.0,CNN,0.0,2018-03-28 12:58:19 AM,"A sitting president can be indicted, says former acting solicitor general https://t.co/XojbRcKMcu https://t.co/rCeyhapvqg",99
300,0.0,0.0,1.0,Fox,0.0,2018-03-28 01:11:49 PM,WATCH: @PressSec Sarah Sanders holds @WhiteHouse briefing. https://t.co/gIkWDO6mtg,0
301,-0.4404,0.282,0.588,Fox,0.129,2018-03-28 01:18:24 PM,".@PressSec: “According to market watch, hiring is strong, unemployment is low, and recent tax cuts are putting more… https://t.co/mAUmwgxFNW",1
302,0.5719,0.0,0.821,Fox,0.179,2018-03-28 01:21:23 PM,".@PressSec: “Following on the success of tax reform, infrastructure is the next piece of the president’s successful… https://t.co/MsC6NjCAnT",2
303,0.3818,0.0,0.833,Fox,0.167,2018-03-28 01:34:14 PM,.@PressSec: “Certainly we want to make sure that all law enforcement is carrying out the letter of the law.” https://t.co/Xfz1l0JFxB,3
304,0.5994,0.0,0.795,Fox,0.205,2018-03-28 01:38:47 PM,".@PressSec on North Korea: “We’re going to be cautiously optimistic, but we feel like things are moving in the righ… https://t.co/VGEmz7BLOg",4
305,0.0,0.0,1.0,Fox,0.0,2018-03-28 01:42:18 PM,.@PressSec on the 2020 census citizenship question: “The goal is to have data that we can use for specific things.” https://t.co/bETu1MlNOF,5
306,0.0,0.0,1.0,Fox,0.0,2018-03-28 01:50:58 PM,".@jmpalmieri on 2016 election: ""We ran [@HillaryClinton] as the female facsimile of the qualities we look for in a… https://t.co/XY0nSpFZeR",6
307,0.3612,0.0,0.857,Fox,0.143,2018-03-28 01:55:02 PM,"Adm. Robert Natter on denuclearizing NoKo: ""We've got long-standing relationships with nations like Japan...we have… https://t.co/4Q5FMGcRq8",7
308,0.0,0.0,1.0,Fox,0.0,2018-03-28 01:57:49 PM,"Adm. Robert Natter on denuclearizing NoKo: ""The reality is that both sides have to sit down and we need to get clea… https://t.co/3Yy4WJPqly",8
309,0.0,0.0,1.0,Fox,0.0,2018-03-28 01:58:55 PM,.@marcthiessen: @realDonaldTrump Must Look Kim 'In the Eye' and Show He's Different From His Predecessors https://t.co/4AGOzpqn6A,9
310,-0.6249,0.17,0.83,Fox,0.0,2018-03-28 02:04:23 PM,"Scott Gottlieb on opioid crisis: ""If you go back 15 years ago, we didn't recognize how addictive these products cou… https://t.co/VUoz7OWouJ",10
311,0.0,0.0,1.0,Fox,0.0,2018-03-28 02:08:48 PM,"Menendez kicks off re-election bid, slams Trump on immigration https://t.co/rfEeEigw7V",11
312,-0.7269,0.337,0.663,Fox,0.0,2018-03-28 02:13:59 PM,Donations Pour in for Rifle Team After School District Rejects NRA's 'Dirty Money' https://t.co/rf9gi0WpSh,12
313,0.0,0.0,1.0,Fox,0.0,2018-03-28 02:18:38 PM,Driver hits 5 people in San Francisco; 4 in life-threatening condition https://t.co/r8LQDk8aYm,13
314,-0.5574,0.231,0.769,Fox,0.0,2018-03-28 02:27:55 PM,"DOJ Inspector General investigates alleged FISA abuses by DOJ, FBI - via @brookefoxnews

https://t.co/I6X1UxpkK7",14
315,-0.34,0.13,0.87,Fox,0.0,2018-03-28 03:58:57 AM,".@GiannoCaldwell on gun control: ""People are literally stripping away protection for their own lives, that's litera… https://t.co/bFjzlhhgtk",15
316,0.0,0.0,1.0,Fox,0.0,2018-03-28 04:00:16 AM,Chemical spill at Chicago-area medical clinic sends at least 15 to hospital https://t.co/v6yADNcpvx,16
317,-0.8658,0.474,0.402,Fox,0.124,2018-03-28 04:02:11 AM,Illegal immigrant cop killer smirks at death sentence-- and victims’ families grin back https://t.co/t08Kd57vA0,17
318,0.0,0.0,1.0,Fox,0.0,2018-03-28 04:07:48 AM,"Kim Jong Un meets with Chinese leader on 'unofficial visit,' state media says https://t.co/uxNcIeSeEE https://t.co/4aaBlbEFsL",18
319,0.0,0.0,1.0,Fox,0.0,2018-03-28 04:09:22 AM,The Latest: North's TV reports on Kim meeting without images https://t.co/bzRn9LGRpl,19
320,-0.3612,0.217,0.783,Fox,0.0,2018-03-28 04:12:35 AM,Thousands attend NYC firefighter Lt. Michael Davidson's funeral https://t.co/jK82bIkPFx https://t.co/n5hJj4Rdzp,20
321,-0.0516,0.155,0.704,Fox,0.141,2018-03-28 04:15:14 AM,"Granted liquor license, Utah ax-throwing venue has no ax to grind https://t.co/Be10is9XEg",21
322,-0.6908,0.368,0.552,Fox,0.08,2018-03-28 04:18:17 AM,Gun groups to challenge #Trump administration on bump stock ban https://t.co/6JLFMCs8bn https://t.co/fdjMWfeLXg,22
323,0.5574,0.0,0.813,Fox,0.187,2018-03-28 04:24:05 AM,"Gordon Chang on meeting between China and North Korea: ""It's important for the United States to push China off to t… https://t.co/baxrRaFHpZ",23
324,-0.9231,0.526,0.474,Fox,0.0,2018-03-28 04:28:10 AM,Woman warns pet owners about poisonous 'Death Angel' mushrooms after 2 dogs found dead in backyard https://t.co/vFtfdPVgZG,24
325,0.7096,0.0,0.629,Fox,0.371,2018-03-28 04:30:17 AM,"Democrat using Tinder -- in hopes of attracting voters, not dates https://t.co/039t1eDGJn",25
326,-0.2263,0.128,0.872,Fox,0.0,2018-03-28 04:34:35 AM,"Protesters for Stephon Clark disrupt Sacramento City Council meeting, march to arena https://t.co/YkP3Zb1qiW https://t.co/8KGfJh15gG",26
327,0.0,0.0,1.0,Fox,0.0,2018-03-28 04:36:05 AM,Family's pet cat returns home 2 days after they thought they buried him https://t.co/kwYT6uEQ9q,27
328,-0.296,0.167,0.833,Fox,0.0,2018-03-28 04:38:04 AM,Remains found in Arizona farm field ID'd as missing 10-year-old boy https://t.co/XOottYUgRu,28
329,0.0,0.0,1.0,Fox,0.0,2018-03-28 04:42:05 AM,"Sportswear company debuts yoga pants with pockets for guns, knives https://t.co/Bd69rSrwxM",29
330,0.296,0.0,0.864,Fox,0.136,2018-03-28 04:44:48 AM,"In wild California Democratic primary, candidate sues over rivals' ballot entries, candidates eased out https://t.co/XI0lVoB0lE",30
331,0.0,0.0,1.0,Fox,0.0,2018-03-28 04:47:42 AM,"Man says prayer before breaking into NYC store, police say https://t.co/ADgNveRmHX",31
332,0.0,0.0,1.0,Fox,0.0,2018-03-28 04:57:09 AM,"""The Constitution says you can remain silent.""

@Judgenap comments on the citizenship question in the 2020 census.… https://t.co/OPm38awn7P",32
333,0.5719,0.0,0.764,Fox,0.236,2018-03-28 04:58:00 AM,Canadian 18-year-old wins $1G a week for life after buying first lotto ticket https://t.co/kSch20cLIJ,33
334,-0.7506,0.348,0.652,Fox,0.0,2018-03-28 05:00:26 AM,"Marlene Dietrich's grandson addresses rumors about her private life, denies she died a recluse https://t.co/PndiviXFtP",34
335,-0.34,0.211,0.789,Fox,0.0,2018-03-28 05:05:29 AM,Dodgers-Angels spring training finale halted by foul-smelling sewage leak https://t.co/nmhAHzuT4i,35
336,0.0,0.0,1.0,Fox,0.0,2018-03-28 05:07:52 AM,.@marcthiessen: #Trump's cabinet is not supposed to be a 'check' on him -- That's not how democracy works https://t.co/EJiggiwJU6,36
337,0.7906,0.0,0.588,Fox,0.412,2018-03-28 05:10:27 AM,Retired Supreme Court Justice Stevens says Second Amendment should be repealed https://t.co/PE13PgJSin,37
338,-0.5267,0.271,0.625,Fox,0.104,2018-03-28 05:13:55 AM,'Violent deportee' reportedly escapes ICE custody at JFK airport https://t.co/J23G3k9hqM https://t.co/uEBd69Pt1R,38
339,0.0,0.0,1.0,Fox,0.0,2018-03-28 05:16:27 AM,"#Trump kicks out Russians, but media focus on other controversies https://t.co/8MhxrNBHoc",39
340,0.0772,0.0,0.933,Fox,0.067,2018-03-28 05:29:06 AM,"""This comes down to public safety.""

Orange County supervisor Michelle Steel comments on her vote to challenge sanc… https://t.co/S598BtBjKP",40
341,0.4019,0.0,0.803,Fox,0.197,2018-03-28 05:34:02 AM,#Trump tweets support of Second Amendment after Stevens' call for repeal https://t.co/K7cJrRDB3u,41
342,0.0,0.0,1.0,Fox,0.0,2018-03-28 05:38:59 AM,.@TomiLahren on @foxandfriends: You’d be surprised...just how many conservatives and Americans live in California t… https://t.co/WIl4BuMYIK,42
343,-0.5574,0.175,0.825,Fox,0.0,2018-03-28 05:44:26 AM,".@TomiLahren on @foxandfriends: “There are a lot of areas here that, of course, believe in shielding illegal immigr… https://t.co/WId0urjmeZ",43
344,0.0772,0.0,0.909,Fox,0.091,2018-03-28 05:47:07 AM,.@TomiLahren on @foxandfriends: “A lot of Californians here want to see Americans first.” https://t.co/PjEjVDOSHh,44
345,0.0,0.0,1.0,Fox,0.0,2018-03-28 05:50:59 AM,.@TomiLahren on @foxandfriends: “Imagine this...If Democrats wanted to regulate our borders even half as much as th… https://t.co/Cqy3D3gNxw,45
346,0.0,0.0,1.0,Fox,0.0,2018-03-28 06:05:43 AM,.@POTUS responds to Kim Jong Un-Xi Jinping meeting https://t.co/LCMdcACU6w,46
347,0.0,0.0,1.0,Fox,0.0,2018-03-28 06:10:43 AM,.@Walmart to remove Cosmopolitan magazine from checkout lines https://t.co/mwfFO3AB0W,47
348,0.0,0.0,1.0,Fox,0.0,2018-03-28 06:19:34 AM,"Facing backlash, California county rescinds homeless shelter plan https://t.co/cEXUjTrF3J",48
349,0.0,0.0,1.0,Fox,0.0,2018-03-28 06:31:46 AM,.@NYAutoShow: 2019 Toyota Rav4 embraces its truck side https://t.co/E4WLbW8rrx,49
350,-0.6705,0.243,0.757,Fox,0.0,2018-03-28 06:31:59 AM,Wisconsin grain silo avalanche that killed father and son is commonplace on US farms https://t.co/r1eSTuRbHA,50
351,0.2263,0.225,0.449,Fox,0.326,2018-03-28 06:36:17 AM,Farrakhan supporters plan @WhiteHouse protest https://t.co/XPWL2NvIo6,51
352,0.0,0.0,1.0,Fox,0.0,2018-03-28 06:46:59 AM,.@michellemalkin on 2020 census to include citizenship question @foxandfriends https://t.co/sm25stn9jK,52
353,0.8074,0.159,0.308,Fox,0.533,2018-03-28 06:53:48 AM,Slain French attack hero honored with grand national tribute https://t.co/CuCdMSeEfH,53
354,0.4939,0.0,0.775,Fox,0.225,2018-03-28 07:04:33 AM,RT @FoxBusiness: Poland signs $4.75 billion agreement for Patriot Missile system https://t.co/3dDg0WgTqw,54
355,-0.2263,0.128,0.872,Fox,0.0,2018-03-28 07:15:17 AM,"Protesters for Stephon Clark disrupt Sacramento City Council meeting, march to arena https://t.co/YkP3Zb1qiW https://t.co/XdxoKnzK8v",55
356,0.296,0.0,0.864,Fox,0.136,2018-03-28 07:29:55 AM,Graham Allen: “Our rights and our freedoms as Americans are not up for debate.” https://t.co/AaXj8wLDuv,56
357,0.5574,0.0,0.739,Fox,0.261,2018-03-28 07:34:18 AM,.@TomiLahren on Sanctuary Showdown: 'You'd Be Surprised' How Many in CA Support 'America First' https://t.co/In5aQTQz9K,57
358,0.4215,0.0,0.872,Fox,0.128,2018-03-28 07:38:31 AM,".@statedeptspox: “The United States looks forward to sitting down and having a talk with Kim Jong Un, about the fut… https://t.co/5yrWbLWeHu",58
359,0.2235,0.0,0.918,Fox,0.082,2018-03-28 07:45:33 AM,.@statedeptspox: “That Iran nuclear deal did not make the world safer… it did not stop Iran from all of these horri… https://t.co/52T685YKT3,59
360,-0.6705,0.22,0.78,Fox,0.0,2018-03-28 07:48:00 AM,Wisconsin grain silo avalanche that killed father and son is commonplace on US farms (via @AndrewOReilly84)  https://t.co/r1eSTv8Mz8,60
361,-0.4215,0.118,0.882,Fox,0.0,2018-03-28 07:55:00 AM,"Florida woman fails to put car into park, car rolls into pool with husband and child inside, cops say (via @travfed… https://t.co/Hoi0ZvaK4O",61
362,-0.3182,0.133,0.867,Fox,0.0,2018-03-28 08:03:17 AM,San Antonio @Spurs head coach Gregg Popovich sounds off on Second Amendment after loss (@RyanGaydos) https://t.co/xA8S8UuKls,62
363,0.0,0.0,1.0,Fox,0.0,2018-03-28 08:17:10 AM,"OPINION: If the Second Amendment falls, our entire Bill of Rights falls https://t.co/vT4cRZ611P",63
364,0.4939,0.0,0.775,Fox,0.225,2018-03-28 08:28:53 AM,Ex-Disney Channel star Caroline Sunshine joins Trump's White House press team https://t.co/5MY4QUThYj,64
365,0.0,0.0,1.0,Fox,0.0,2018-03-28 08:49:15 AM,"Sportswear company debuts yoga pants with pockets for guns, knives https://t.co/Bd69rSrwxM",65
366,-0.34,0.211,0.789,Fox,0.0,2018-03-28 08:56:55 AM,Largest Christian university opens 'sophisticated' gun range for students https://t.co/2fTPPmS4or,66
367,-0.8834,0.506,0.338,Fox,0.156,2018-03-28 08:59:43 AM,Aunt of Cop Killed by Illegal Immigrant Applauds Death Sentence: 'He's a Monster' https://t.co/0GCTeUlv1G,67
368,-0.296,0.104,0.896,Fox,0.0,2018-03-28 09:08:22 AM,.@marcthiessen: “Kim Jong Un has no intention of denuclearizing at the negotiating table. It’s just not going to ha… https://t.co/jWnUgMKLcK,68
369,0.0,0.0,1.0,Fox,0.0,2018-03-28 09:19:38 AM,U.S. economy grows at 2.9% rate in Q4 https://t.co/LiuAtAUa8O,69
370,-0.3182,0.133,0.867,Fox,0.0,2018-03-28 09:33:53 AM,San Antonio Spurs head coach Gregg Popovich sounds off on Second Amendment after loss https://t.co/xA8S8UuKls https://t.co/CTNPwtPcSX,70
371,-0.5859,0.231,0.769,Fox,0.0,2018-03-28 09:35:49 AM,Corey Feldman says he was stabbed in attempted murder but police are telling a different story (via @Sashafb) https://t.co/0yJbvYufIr,71
372,0.5267,0.0,0.761,Fox,0.239,2018-03-28 09:50:00 AM,'Rogue waves' prompt dramatic rescue after fishing boat with 8 aboard sinks in Hawaii (via @travfed)  https://t.co/vAOKVC5EVP,72
373,0.6605,0.0,0.778,Fox,0.222,2018-03-28 09:50:02 AM,"Dave Harrington, Aliso Viejo mayor: “I kind of wish the attorney general of California took as much interest in the… https://t.co/rbf55Sh2Dc",73
374,-0.6486,0.35,0.65,Fox,0.0,2018-03-28 10:00:55 AM,K-Pop Singer Seo Minwoo found dead at 33 https://t.co/cccjWOq7xL,74
375,-0.1531,0.11,0.89,Fox,0.0,2018-03-28 10:06:15 AM,.@therealroseanne recalls confronting John Goodman about his drinking and working with George Clooney https://t.co/WOZfM4n9f7,75
376,0.0,0.0,1.0,Fox,0.0,2018-03-28 10:26:38 AM,Attorney for Stormy Daniels files motion seeking to depose Trump https://t.co/XjCXuRSwUt,76
377,-0.3612,0.128,0.872,Fox,0.0,2018-03-28 10:37:55 AM,"JUST IN: Another suspicious package found in a government mail facility in Washington, D.C. on Wednesday is believe… https://t.co/T1Nh1ixhaV",77
378,0.0,0.0,1.0,Fox,0.0,2018-03-28 10:41:03 AM,North Korea begins testing experimental reactor at nuclear site despite 'denuclearization' talk https://t.co/4LtzppPA0D,78
379,-0.5719,0.242,0.683,Fox,0.075,2018-03-28 10:44:38 AM,JUST IN: 'Violent deportee' ID'd after escaping ICE custody at JFK airport https://t.co/J23G3k9hqM,79
380,0.0,0.0,1.0,Fox,0.0,2018-03-28 10:57:21 AM,"Mueller: Rick Gates communicated with person connected to Russian intel service in 2016  - via @brookefoxnews 
https://t.co/802WjBIlWi",80
381,-0.4995,0.294,0.548,Fox,0.158,2018-03-28 10:57:26 AM,RT @FoxBusiness: US 4Q GDP growth revised up to 2.9% https://t.co/RPZLZqvjDO,81
382,0.0,0.0,1.0,Fox,0.0,2018-03-28 10:57:44 AM,RT @FoxBusiness: Ford says Trump tariffs a financial headwind and will be passed on to consumer https://t.co/lFLIZvyTWm,82
383,-0.4404,0.209,0.791,Fox,0.0,2018-03-28 10:58:48 AM,"Facebook data scandal prompts redesign of settings, privacy pages https://t.co/sJ2cWVYU0W (via @christocarbone)",83
384,-0.5574,0.205,0.795,Fox,0.0,2018-03-28 11:02:56 AM,"'We Must Follow the Law': CA County Publishes Release Times of Inmates, Illegal Immigrants https://t.co/OEqOUmd1zc",84
385,-0.5994,0.308,0.692,Fox,0.0,2018-03-28 11:10:54 AM,".@SouthwestAir ignored boy's peanut allergy on flight, causing severe reaction, family claims https://t.co/849xkndjLT",85
386,-0.3182,0.142,0.769,Fox,0.089,2018-03-28 11:15:03 AM,".@KatiePavlich: “When you commit a crime as a U.S. citizen, you don’t get to decide when you get to evade law enfor… https://t.co/IaLWHqcZNo",86
387,0.0,0.0,1.0,Fox,0.0,2018-03-28 11:16:32 AM,'Roseanne's' pro-Trump reboot draws massive audience for politically-charged premiere https://t.co/U8bTJOXK7W,87
388,0.0772,0.0,0.909,Fox,0.091,2018-03-28 11:19:00 AM,We want Zuckerberg: UK lawmakers urge embattled Facebook CEO to appear before them https://t.co/zbaLR1L8qr,88
389,0.0,0.0,1.0,Fox,0.0,2018-03-28 11:25:24 AM,RT @FoxBusiness: 4 tips on protecting your online footprint https://t.co/49DQiUufxF,89
390,0.0772,0.0,0.925,Fox,0.075,2018-03-28 11:31:19 AM,.@TomiLahren: You’d be surprised...just how many conservatives and Americans live in California that want the laws… https://t.co/8Z1o9pxhnQ,90
391,0.2023,0.0,0.904,Fox,0.096,2018-03-28 11:39:13 AM,.@adrienneelrod on @POTUS: “I think it's important that there is dialogue here...He cannot conduct diplomacy via Tw… https://t.co/XtPWeTkqxD,91
392,0.0,0.0,1.0,Fox,0.0,2018-03-28 11:40:00 AM,'Deadly' scorpion sighting on English street turns out to be child's toy (via @travfed) https://t.co/CUS1soWaVV,92
393,-0.34,0.167,0.833,Fox,0.0,2018-03-28 11:53:32 AM,Where does Trump stand on gun control? A look at the president's views https://t.co/uLRWPrmMM6,93
394,0.0,0.0,1.0,Fox,0.0,2018-03-28 12:05:15 PM,"OPINION: Liz Peek: Census 2020 – Liberals, get over it, we must ask about citizenship! https://t.co/nxlRNKOkm7",94
395,-0.34,0.156,0.844,Fox,0.0,2018-03-28 12:13:33 PM,"Warning, graphic content: Utah trooper knocked into the air by out-of-control car https://t.co/2qaytnyQtr https://t.co/EPu1yo3TJH",95
396,-0.3818,0.178,0.822,Fox,0.0,2018-03-28 12:29:13 PM,'Your State Is a Sanctuary Disaster': Ingraham Battles CA Dem Over Census Backlash https://t.co/OHFDYobx1S,96
397,0.0,0.0,1.0,Fox,0.0,2018-03-28 12:35:20 PM,Awaiting @WhiteHouse briefing https://t.co/21PSZF6K58,97
398,0.1779,0.0,0.855,Fox,0.145,2018-03-28 12:45:30 PM,Amazon discovery: 'Uninhabited' areas were once home to a million people https://t.co/eJuHVIgsmm,98
399,0.0,0.0,1.0,Fox,0.0,2018-03-28 12:57:33 PM,Cherry Tree buds are silhouetted against the morning sky near the Washington Monument. https://t.co/7DSTvTAwI7,99
400,-0.2732,0.11,0.89,NYT,0.0,2018-03-27 03:30:04 PM,"“The Americans” has always been as much about marriage and partnership as about geopolitics, our critic writes https://t.co/UXPe1hO5R1",0
401,0.0772,0.0,0.933,NYT,0.067,2018-03-27 03:45:08 PM,"If President Trump actually meets Kim Jong-un, his challenge will be much larger than merely persuading North Korea… https://t.co/7JveTkU9oD",1
402,-0.0772,0.147,0.734,NYT,0.119,2018-03-27 04:00:23 PM,Here are 11 movies you won’t want to miss https://t.co/DeWdoxFniP,2
403,-0.886,0.309,0.691,NYT,0.0,2018-03-27 04:16:03 PM,"He was wrongfully convicted of rape and murder and spent 23 years behind bars. This week, he returned to work as a… https://t.co/zIGxzZlm4E",3
404,-0.8225,0.364,0.636,NYT,0.0,2018-03-27 04:32:51 PM,A fatal helicopter crash in New York’s East River may have been caused by a passenger’s harness accidentally trippi… https://t.co/ilkS6nx9rz,4
405,-0.6249,0.221,0.779,NYT,0.0,2018-03-27 04:47:02 PM,"RT @cliffordlevy: Some Republicans fear the midterms may come down to one thing: Trump’s conduct. (Including Stormy.)
""He blocks everything…",5
406,0.0772,0.0,0.939,NYT,0.061,2018-03-27 05:01:06 PM,The 2020 census is a snapshot of America that will affect the number of congressional seats and how state and feder… https://t.co/HcGCEs7ftP,6
407,-0.5994,0.224,0.776,NYT,0.0,2018-03-27 05:17:02 PM,"Apple is introducing a new iPad, trying to become a force again in classrooms, a battle fought against Google and M… https://t.co/AAPH4kWu1N",7
408,-0.7096,0.228,0.772,NYT,0.0,2018-03-27 05:32:02 PM,RT @jdelreal: About two dozen people are gathered here at the Sacramento County District Attorney’s Office to protest the death of Stephon…,8
409,0.0,0.0,1.0,NYT,0.0,2018-03-27 05:47:04 PM,"Evening Briefing: Here's what you need to know at the end of the day
https://t.co/v54i6wg4pj",9
410,0.7003,0.0,0.766,NYT,0.234,2018-03-27 06:02:03 PM,"It's pretty clear how birds, even dinosaurs, got their wings. But how insects got theirs has been a mystery -- unti… https://t.co/izgS59NtxG",10
411,-0.4019,0.144,0.856,NYT,0.0,2018-03-27 06:17:02 PM,"H&amp;M is a ""fast fashion"" giant. But it has a big problem: A $4.3 billion pile of unsold clothes. https://t.co/xkjuVRmCJT",11
412,0.0,0.0,1.0,NYT,0.0,2018-03-27 06:32:05 PM,"As you walk into a room at University of California, Irvine, the first thing you notice are the fruit and vegetable… https://t.co/c7KTBOf2dZ",12
413,0.0,0.0,1.0,NYT,0.0,2018-03-27 06:52:39 PM,Breaking News: North Korea's leader is said to have met secretly with China's president. It was Kim Jong-un’s first… https://t.co/Mw0YpWvfbC,13
414,0.2732,0.0,0.896,NYT,0.104,2018-03-27 07:03:00 PM,The surprise discussions added another layer of complexity to the rush of global diplomacy around North Korea’s nuc… https://t.co/fkwmip5h3Z,14
415,0.0,0.0,1.0,NYT,0.0,2018-03-27 07:08:05 PM,RT @jdelreal: Packed house today at the Sacramento City Council meeting to discuss the Stephon Clark shooting. The room is at capacity and…,15
416,-0.4404,0.132,0.868,NYT,0.0,2018-03-27 07:17:05 PM,At least 12 states signaled that they would sue to block the Trump administration from adding a question about citi… https://t.co/C4Pn782AFc,16
417,-0.4404,0.172,0.828,NYT,0.0,2018-03-27 07:32:04 PM,Some might find the idea of speed-solving @nytimes crossword puzzles intimidating. Not this group.… https://t.co/bfSPo3yCxa,17
418,-0.1511,0.2,0.667,NYT,0.133,2018-03-27 07:41:04 PM,RT @jdelreal: Stephon Clark’s brother is interrupting the city council meeting. “They don’t care about you!” he screamed. https://t.co/GrXi…,18
419,-0.4215,0.135,0.865,NYT,0.0,2018-03-27 07:51:06 PM,"Dr. John Cacioppo, who bridged biology and psychology in exploring the health effects of loneliness, dies at 66 https://t.co/Czq6evXOGX",19
420,0.0,0.0,1.0,NYT,0.0,2018-03-27 08:02:06 PM,"Evening Briefing: Here's what you need to know at the end of the day
https://t.co/viDImohrSe",20
421,0.4019,0.0,0.876,NYT,0.124,2018-03-27 08:10:50 PM,Breaking News: President Trump secured his first major trade deal: a pact with South Korea. It may have been driven… https://t.co/ie34rULVmY,21
422,0.0,0.0,1.0,NYT,0.0,2018-03-27 08:17:05 PM,"RT @jdelreal: Hundreds of people who were waiting outside have made their way into the city hall foyer, where they are chanting Stephon Cla…",22
423,-0.886,0.309,0.691,NYT,0.0,2018-03-27 08:32:09 PM,"He was wrongfully convicted of rape and murder and spent 23 years behind bars. This week, he returned to work as a… https://t.co/I6ujPJ625a",23
424,0.0,0.0,1.0,NYT,0.0,2018-03-27 08:41:04 PM,RT @nickconfessore: NEW w/@AllMattNYT &amp; @carolecadwalla: interviews &amp; documents reveal how an employee at Peter Thiel's Silicon Valley inte…,24
425,0.4404,0.0,0.734,NYT,0.266,2018-03-27 08:51:02 PM,Bill Cunningham left us one final gift: a memoir https://t.co/jNLxToxSrK,25
426,0.0,0.0,1.0,NYT,0.0,2018-03-27 09:02:02 PM,"In Opinion,
Isabelle Robinson, a senior at Marjory Stoneman Douglas High School, writes, ""The idea that we are to b… https://t.co/cVB0DGRzd0",26
427,0.4939,0.0,0.789,NYT,0.211,2018-03-27 09:17:02 PM,RT @PamelaPaulNYT: Everyone except Sean Penn will enjoy reading this book review. https://t.co/RliFDhdK2o,27
428,0.0258,0.086,0.823,NYT,0.091,2018-03-27 09:26:03 PM,Investors pummeled tech stocks again on Tuesday as they hurried to drop shares in the very sector that once drove a… https://t.co/55Ge3ZrTLI,28
429,0.4019,0.0,0.863,NYT,0.137,2018-03-27 09:38:06 PM,"Before harvesting millions of users' Facebook data, Cambridge Analytica had help from an employee at Peter Thiel's… https://t.co/yq5T0MfyyH",29
430,0.4588,0.0,0.87,NYT,0.13,2018-03-27 09:51:05 PM,RT @nytopinion: John Paul Stevens: Rarely in my lifetime have I seen the type of civic engagement school children demonstrated throughout t…,30
431,-0.7717,0.288,0.637,NYT,0.075,2018-03-27 10:02:02 PM,"""We have created a double tragedy for these people."" Chronic pain patients treated with high doses of opioids are c… https://t.co/O2ZPgi7gM5",31
432,-0.2263,0.091,0.909,NYT,0.0,2018-03-27 10:17:04 PM,"Detectives in Los Angeles searching for an actress who disappeared last month found a body they believe is hers, th… https://t.co/UctTxeFEo6",32
433,-0.8442,0.304,0.62,NYT,0.076,2018-03-27 10:32:03 PM,"RT @NYTStyles: ""How can I get over my sense of betrayal, my rage and my desire to punish this man for the disrespectful way he treated me?""…",33
434,0.0,0.0,1.0,NYT,0.0,2018-03-27 10:47:04 PM,Atlanta’s city government has been partially paralyzed for days by a cyberattack. Traffic tickets can't be paid onl… https://t.co/e8ITt2Pien,34
435,-0.34,0.211,0.789,NYT,0.0,2018-03-27 10:55:32 PM,"Arrest of Catalan Leader Tests Spain, Separatists and E.U. https://t.co/jW8JlTkZyq",35
436,0.0,0.0,1.0,NYT,0.0,2018-03-27 11:02:03 PM,The idea of cosmetic surgery for a fish may sound extreme. But the Asian arowana is not your average pet store fish. https://t.co/RacPmqymCs,36
437,0.0,0.0,1.0,NYT,0.0,2018-03-27 11:11:06 PM,RT @jdelreal: For those catching up on the events here in Sacramento: https://t.co/vgSOvghxF3,37
438,0.0,0.0,1.0,NYT,0.0,2018-03-27 11:21:03 PM,"RT @nytopinion: Despite the ubiquity of dogs in our culture, there is much we don’t know about them and how they experience the world. Thei…",38
439,0.0,0.0,1.0,NYT,0.0,2018-03-27 11:41:04 PM,"A combination of weather phenomena whipped up and swept Saharan dust north, bringing a sepia tint to parts of easte… https://t.co/WL5g75ZvCd",39
440,-0.8074,0.417,0.583,NYT,0.0,2018-03-28 01:00:13 PM,A federal judge refused to dismiss a lawsuit accusing President Trump of violating the Constitution by not divorcin… https://t.co/Ya0ww0X8GQ,40
441,-0.4118,0.182,0.744,NYT,0.074,2018-03-28 01:07:16 AM,"A grocery war is raging across the United States. At stake is not only the price of toothpaste and bananas, but the… https://t.co/MUQx1tA2tX",41
442,-0.7096,0.297,0.643,NYT,0.06,2018-03-28 01:15:08 PM,A waiter in Canada has filed a complaint after he was fired for being aggressive and combative. His defense? He’s F… https://t.co/FxkAYLi1ub,42
443,0.6531,0.0,0.737,NYT,0.263,2018-03-28 01:30:12 PM,"The Supreme Court has never struck down a voting district as an unconstitutional partisan gerrymander, and allowing… https://t.co/gcleYowCnq",43
444,0.0,0.0,1.0,NYT,0.0,2018-03-28 01:32:05 AM,RT @nytopinion: One man searches for the world’s last remaining quiet places. https://t.co/8YXjpMLIlw,44
445,0.4404,0.0,0.854,NYT,0.146,2018-03-28 01:45:09 PM,"Heineken pulled a series of commercials for light beer that featured the tagline “sometimes, lighter is better"" aft… https://t.co/v5OcxoCrpi",45
446,-0.4019,0.144,0.856,NYT,0.0,2018-03-28 01:49:17 AM,"H&amp;M is a ""fast fashion"" giant. But it has a big problem: A $4.3 billion pile of unsold clothes. https://t.co/wCoI4udh7F",46
447,0.5563,0.0,0.796,NYT,0.204,2018-03-28 02:00:05 PM,"The reboot of ""Roseanne"" got off to an enormously strong start on Tuesday night https://t.co/SiWzv2EpPP",47
448,0.0,0.0,1.0,NYT,0.0,2018-03-28 02:15:03 PM,"In @NYTOpinion 

Op-Ed Contributor Jacob Tobia writes, ""For over a decade, the unspoken rule of gay cinema and tele… https://t.co/CTOVOn7TcJ",48
449,0.0,0.0,1.0,NYT,0.0,2018-03-28 02:17:03 AM,RT @nytimesworld: A German gynecologist who provided patients information about abortion has stoked a debate over the Nazi-era law that ban…,49
450,0.0,0.0,1.0,NYT,0.0,2018-03-28 02:30:10 PM,"Steven Spielberg ""is the only person who could have made this movie and the last person who should have been allowe… https://t.co/xGUhUZJPgl",50
451,0.4588,0.0,0.8,NYT,0.2,2018-03-28 02:32:04 AM,“Spain is creating a situation where Europe’s judges rather than its politicians are being asked to solve Catalonia… https://t.co/k0HaUIVIYU,51
452,0.4588,0.0,0.812,NYT,0.188,2018-03-28 02:37:05 PM,"RT @nytopinion: We at @NYTOpinion welcome feedback, including in form of dog GIFs. https://t.co/sY338V4RD7",52
453,0.0,0.0,1.0,NYT,0.0,2018-03-28 02:47:02 AM,These almond cookies need just 4 ingredients https://t.co/5NNOTBW0n5,53
454,0.4767,0.09,0.687,NYT,0.223,2018-03-28 03:02:04 AM,"RT @nytpolitics: Kirstjen Nielsen, the homeland security secretary, recently warned dozens of foreign diplomats that the United States woul…",54
455,0.0,0.0,1.0,NYT,0.0,2018-03-28 03:16:01 AM,The connections between Cambridge Analytica and Peter Thiel's firm Palantir were thrust into the spotlight by Chris… https://t.co/X9OaPT2uvR,55
456,-0.4404,0.132,0.868,NYT,0.0,2018-03-28 03:30:07 AM,At least 12 states signaled that they would sue to block the Trump administration from adding a question about citi… https://t.co/zg2L5EURJP,56
457,-0.5267,0.159,0.841,NYT,0.0,2018-03-28 03:44:04 AM,"In an 8th-grade history textbook, students are told that Viktor Orban thinks refugees are a threat to Hungary. ""It… https://t.co/zGSK0PZDXF",57
458,-0.296,0.147,0.756,NYT,0.097,2018-03-28 04:00:22 AM,"RT @nytimesworld: Egypt’s presidential election is shaping up to be a low-watt and joyless affair, the antithesis of the youthful passions…",58
459,0.1045,0.158,0.658,NYT,0.184,2018-03-28 04:16:05 AM,The United Nations' most haunting mystery received new life on Tuesday https://t.co/Cp0HnO48qu,59
460,-0.5574,0.135,0.865,NYT,0.0,2018-03-28 04:29:02 AM,"RT @nytimesworld: “I am thinking about the family of the butcher, about the customer who died for nothing, and about the colonel who sacrif…",60
461,0.4215,0.0,0.872,NYT,0.128,2018-03-28 04:44:06 AM,"Kim Jong-un told Xi Jinping that he was open to dialogue with the United States, including a potential summit meeti… https://t.co/7mnXpfQdMX",61
462,0.0,0.0,1.0,NYT,0.0,2018-03-28 05:05:05 AM,Morning Briefing: Here's what you need to know to start your day https://t.co/qSirjFsTQK https://t.co/Rtc5I5NHou,62
463,0.2732,0.0,0.913,NYT,0.087,2018-03-28 05:15:04 AM,"RT @LizziePaton: Is fast fashion going out of, well, fashion? H&amp;M, the world’s second largest retailer by sales, is currently sitting on a…",63
464,-0.6124,0.263,0.737,NYT,0.0,2018-03-28 05:30:10 AM,North Korea is firing up a reactor. Why that could upset Trump's talks with Kim. https://t.co/dIimnicgw7 https://t.co/F6kbTGtJDr,64
465,0.0,0.0,1.0,NYT,0.0,2018-03-28 05:45:05 AM,"Some voters said they had been paid, from about $3 to $9, to vote. In several areas, government officials promised… https://t.co/3l3sroqZll",65
466,0.34,0.0,0.862,NYT,0.138,2018-03-28 06:00:08 AM,"John Bolton, President Trump's choice for national security adviser, was portrayed during a 2005 Senate confirmatio… https://t.co/Eq0eq04Pb9",66
467,0.0,0.0,1.0,NYT,0.0,2018-03-28 06:15:09 AM,"President Trump said that the Second Amendment — the right to bear arms — ""will never be repealed,"" responding to a… https://t.co/iYAMbvHi9Z",67
468,0.0,0.0,1.0,NYT,0.0,2018-03-28 06:31:08 AM,"The National Civil Rights Museum in Memphis is a monument to a movement, and to the Rev. Dr. Martin Luther King Jr. https://t.co/b9MJfvYXiF",68
469,0.0,0.0,1.0,NYT,0.0,2018-03-28 06:44:02 AM,Atlanta's municipal government has been brought to its knees by one of the most sustained and consequential cyberat… https://t.co/DG6umSDQL5,69
470,-0.0397,0.116,0.774,NYT,0.109,2018-03-28 07:05:06 AM,"Trevor Noah is not impressed by John Bolton, President Trump's new pick for national security adviser. Our late-nig… https://t.co/pwzaU3scX5",70
471,0.34,0.0,0.882,NYT,0.118,2018-03-28 07:15:05 AM,Facebook said it will roll out a centralized system for its users to control their privacy and security settings https://t.co/DxHZ5eNRDa,71
472,-0.5423,0.163,0.837,NYT,0.0,2018-03-28 07:30:03 AM,The Academy of Motion Picture Arts and Sciences concluded that an allegation of sexual harassment against its presi… https://t.co/9h1ugEvuBz,72
473,0.4215,0.094,0.703,NYT,0.203,2018-03-28 07:44:03 AM,RT @MattAndersonNYT: The Russian director Kirill Serebrennikov is still under house arrest in Moscow. A festival of his plays and films at…,73
474,0.0,0.0,1.0,NYT,0.0,2018-03-28 08:00:17 AM,Morning Briefing: Here's what you need to know to start your day https://t.co/yLdObb0e0R https://t.co/NbpPRQafVf,74
475,-0.4404,0.243,0.638,NYT,0.119,2018-03-28 08:14:07 AM,The Motion Picture Academy concluded that an allegation of sexual harassment against its president had no merit https://t.co/DhiZeF7tHZ,75
476,0.8625,0.0,0.593,NYT,0.407,2018-03-28 08:30:07 AM,"""It's like a beauty pageant. The fish cannot be fat. It must look strong and have personality."" https://t.co/QY2HdEdUQH",76
477,0.0,0.0,1.0,NYT,0.0,2018-03-28 08:45:07 AM,"""I think it is completely reasonable to say that there could have been a different outcome of the referendum had th… https://t.co/8fhRZ13NjF",77
478,0.0,0.0,1.0,NYT,0.0,2018-03-28 09:00:12 AM,How the Chinese and North Korean news media portrayed the meeting between Xi Jinping and Kim Jong-un https://t.co/GfQOFPqIf0,78
479,-0.9231,0.451,0.549,NYT,0.0,2018-03-28 09:15:06 AM,The officer was killed after he voluntarily exchanged himself for a female hostage during a terrorist attack in Fra… https://t.co/qyzVCzdROk,79
480,0.0,0.0,1.0,NYT,0.0,2018-03-28 09:30:12 AM,Atlanta’s city government has been hobbled by a cyberattack and is doing some business with ink and paper. Security… https://t.co/JEbTiuZ7zw,80
481,0.4404,0.0,0.828,NYT,0.172,2018-03-28 09:45:05 AM,Will taxpayers have to bail out the Pro Football Hall of Fame in Ohio? https://t.co/2BbZW0Mih5,81
482,0.0,0.0,1.0,NYT,0.0,2018-03-28 10:00:03 AM,RT @NYTFashion: Saudi Arabia will host its first ever fashion week next month (after a two week delay). Here's what to expect: https://t.co…,82
483,-0.2023,0.231,0.769,NYT,0.0,2018-03-28 10:10:04 AM,The highs and lows of testosterone https://t.co/KL5JNKPwDy,83
484,0.3278,0.0,0.827,NYT,0.173,2018-03-28 10:25:05 AM,Elements that make a podcast spark don’t always translate seamlessly to TV. But that's not stopping Hollywood from… https://t.co/D0wWi2XJQB,84
485,0.0,0.0,1.0,NYT,0.0,2018-03-28 10:39:09 AM,RT @NYTNational: Atlanta’s city government has been partially paralyzed for days by a cyberattack. Traffic tickets can't be paid online. Wi…,85
486,-0.6369,0.257,0.743,NYT,0.0,2018-03-28 10:50:05 AM,"Jared Kushner and Jeff Sessions are clashing over federal prison policy, confusing lawmakers and leaving prisoners… https://t.co/EEiWlO4VuI",86
487,0.8126,0.0,0.543,NYT,0.457,2018-03-28 11:05:07 AM,"Bright, bold and richly flavored, these aren't your typical fish cakes https://t.co/xZQDqFg0mk https://t.co/eowfvU22Ts",87
488,0.8225,0.0,0.752,NYT,0.248,2018-03-28 11:15:04 AM,"RT @nytgraphics: What Democrats need to do to take control of Congress: 

1. Win 28 Senate races (Republicans only need to win 9 to keep th…",88
489,-0.4588,0.151,0.772,NYT,0.077,2018-03-28 11:25:07 AM,Kim Jong-un's surprise visit to Beijing was a reminder of how much he has set the agenda in the crisis over North K… https://t.co/mwcCpJKaen,89
490,0.296,0.0,0.885,NYT,0.115,2018-03-28 11:40:03 AM,"Anti-Trump groups are working to unseat breakaway Democrats in Albany who have aligned with Republicans, helping th… https://t.co/ZSn9dqIAEx",90
491,0.2023,0.0,0.913,NYT,0.087,2018-03-28 11:55:03 AM,"Rick Gates, a top Trump campaign aide, had frequent phone calls in September and October 2016 with a person the FBI… https://t.co/ScUBbx09Xa",91
492,0.0,0.0,1.0,NYT,0.0,2018-03-28 12:02:05 AM,Uber said it is not renewing its permit to test self-driving vehicles in California because it wants to wait for th… https://t.co/8QlITPricx,92
493,0.0,0.0,1.0,NYT,0.0,2018-03-28 12:10:05 PM,"In Room 306 at the Lorraine Motel, you can see the door onto the balcony. Looking through it you can see the spot w… https://t.co/6ZGo2cTzNB",93
494,0.0,0.0,1.0,NYT,0.0,2018-03-28 12:20:12 PM,"RT @PatriciaMazzei: In Orlando today for closing statements in the trial against Noor Salman, the widow of Pulse nightclub shooter Omar Mat…",94
495,-0.7003,0.227,0.731,NYT,0.042,2018-03-28 12:30:05 PM,"Hundreds of people filled the lobby at Sacramento City Hall on Tuesday to protest the death of Stephon Clark, who w… https://t.co/aqr3CzDXpR",95
496,0.34,0.117,0.701,NYT,0.182,2018-03-28 12:32:01 AM,RT @NeilMacFarquhar: Articulate whistle-blower says data miners took “colonial” delight in secretly manipulating other countries via @NYTim…,96
497,0.296,0.0,0.891,NYT,0.109,2018-03-28 12:45:09 PM,"Trump’s lawyer discussed pardons for 2 ex-top aides last year, suggesting concern about what they might tell the sp… https://t.co/loVNcik2rm",97
498,0.296,0.0,0.885,NYT,0.115,2018-03-28 12:47:40 PM,"President Trump’s lawyer discussed pardons for 2 ex-top aides last year, suggesting concern about what they might t… https://t.co/zGAAMa90pK",98
499,0.7003,0.0,0.766,NYT,0.234,2018-03-28 12:49:42 AM,"It's pretty clear how birds, even dinosaurs, got their wings. But how insects got theirs has been a mystery -- unti… https://t.co/59FhXuhJgV",99
